sample,mouse.ID,Diet,Batch,age.wks,age.approx.wks,Age (month),Cage,Cohort,Age_bins,Age group
DO_2D_4126_021w,DO-2D-4126,2D,76,21,21,5,5887,G26W2,<=5 months,5 months
DO_AL_0011_069w,DO-AL-0011,AL,4,69,69,16,3298,G22W1,13-18 months,8/10/16 months
DO_AL_0011_044w,DO-AL-0011,AL,1,44,44,10,3298,G22W1,6-12 months,8/10/16 months
DO_AL_0011_121w,DO-AL-0011,AL,6,121,121,28,3298,G22W1,25-30 months,22/28 months
DO_AL_0011_038w,DO-AL-0011,AL,3,38,35,8,3298,G22W1,6-12 months,8/10/16 months
DO_AL_0011_097w,DO-AL-0011,AL,6,97,96,22,3298,G22W1,19-24 months,22/28 months
DO_AL_0001_038w,DO-AL-0001,AL,3,38,35,8,3297,G22W1,6-12 months,8/10/16 months
DO_AL_0001_044w,DO-AL-0001,AL,1,44,44,10,3297,G22W1,6-12 months,8/10/16 months
DO_AL_0001_121w,DO-AL-0001,AL,6,121,121,28,3297,G22W1,25-30 months,22/28 months
DO_AL_0001_097w,DO-AL-0001,AL,6,97,96,22,3297,G22W1,19-24 months,22/28 months
DO_AL_0001_069w,DO-AL-0001,AL,4,69,69,16,3297,G22W1,13-18 months,8/10/16 months
DO_40_2050_200w,DO-40-2050,40,46,200,200,46,4338,G23W2,>=31 months,34+months
DO_40_2050_173w,DO-40-2050,40,46,173,174,40,4338,G23W2,>=31 months,34+months
DO_40_2050_148w,DO-40-2050,40,45,148,148,34,4338,G23W2,>=31 months,34+months
DO_40_2050_121w,DO-40-2050,40,44,121,121,28,4338,G23W2,25-30 months,22/28 months
DO_40_2050_020w,DO-40-2050,40,33,20,21,5,4338,G23W2,<=5 months,5 months
DO_2D_4031_035w,DO-2D-4031,2D,10,35,35,8,3398,G22W2,6-12 months,8/10/16 months
DO_2D_4031_043w,DO-2D-4031,2D,12,43,44,10,3398,G22W2,6-12 months,8/10/16 months
DO_2D_4031_069w,DO-2D-4031,2D,13,69,69,16,3398,G22W2,13-18 months,8/10/16 months
DO_AL_0178_021w,DO-AL-0178,AL,118,21,21,5,6531,G28W2,<=5 months,5 months
DO_2D_4067_021w,DO-2D-4067,2D,48,21,21,5,4978,G24W1,<=5 months,5 months
DO_AL_0015_069w,DO-AL-0015,AL,4,69,69,16,3298,G22W1,13-18 months,8/10/16 months
DO_AL_0015_044w,DO-AL-0015,AL,1,44,44,10,3298,G22W1,6-12 months,8/10/16 months
DO_AL_0015_038w,DO-AL-0015,AL,3,38,35,8,3298,G22W1,6-12 months,8/10/16 months
DO_2D_4146_096w,DO-2D-4146,2D,103,96,96,22,6299,G27W2,19-24 months,22/28 months
DO_2D_4146_069w,DO-2D-4146,2D,101,69,69,16,6299,G27W2,13-18 months,8/10/16 months
DO_40_2161_021w,DO-40-2161,40,108,21,21,5,6473,G28W1,<=5 months,5 months
DO_AL_0167_097w,DO-AL-0167,AL,115,97,96,22,6469,G28W1,19-24 months,22/28 months
DO_AL_0167_021w,DO-AL-0167,AL,107,21,21,5,6469,G28W1,<=5 months,5 months
DO_AL_0137_044w,DO-AL-0137,AL,85,44,44,10,6183,G27W1,6-12 months,8/10/16 months
DO_AL_0137_069w,DO-AL-0137,AL,89,69,69,16,6183,G27W1,13-18 months,8/10/16 months
DO_AL_0137_021w,DO-AL-0137,AL,83,21,21,5,6183,G27W1,<=5 months,5 months
DO_AL_0007_121w,DO-AL-0007,AL,6,121,121,28,3297,G22W1,25-30 months,22/28 months
DO_AL_0007_097w,DO-AL-0007,AL,6,97,96,22,3297,G22W1,19-24 months,22/28 months
DO_AL_0007_038w,DO-AL-0007,AL,3,38,35,8,3297,G22W1,6-12 months,8/10/16 months
DO_AL_0007_069w,DO-AL-0007,AL,4,69,69,16,3297,G22W1,13-18 months,8/10/16 months
DO_AL_0007_044w,DO-AL-0007,AL,1,44,44,10,3297,G22W1,6-12 months,8/10/16 months
DO_1D_3119_120w,DO-1D-3119,1D,80,120,121,28,5884,G26W2,25-30 months,22/28 months
DO_1D_3119_096w,DO-1D-3119,1D,79,96,96,22,5884,G26W2,19-24 months,22/28 months
DO_1D_3119_044w,DO-1D-3119,1D,77,44,44,10,5884,G26W2,6-12 months,8/10/16 months
DO_40_2150_096w,DO-40-2150,40,102,96,96,22,6305,G27W2,19-24 months,22/28 months
DO_40_2150_069w,DO-40-2150,40,101,69,69,16,6305,G27W2,13-18 months,8/10/16 months
DO_40_2150_148w,DO-40-2150,40,106,148,148,34,6305,G27W2,>=31 months,34+months
DO_2D_4074_044w,DO-2D-4074,2D,50,44,44,10,4979,G24W1,6-12 months,8/10/16 months
DO_2D_4074_095w,DO-2D-4074,2D,54,95,96,22,4979,G24W1,19-24 months,22/28 months
DO_AL_0008_038w,DO-AL-0008,AL,3,38,35,8,3297,G22W1,6-12 months,8/10/16 months
DO_AL_0008_044w,DO-AL-0008,AL,1,44,44,10,3297,G22W1,6-12 months,8/10/16 months
DO_AL_0008_069w,DO-AL-0008,AL,4,69,69,16,3297,G22W1,13-18 months,8/10/16 months
DO_40_2063_121w,DO-40-2063,40,45,121,121,28,4339,G23W2,25-30 months,22/28 months
DO_40_2063_096w,DO-40-2063,40,42,96,96,22,4339,G23W2,19-24 months,22/28 months
DO_40_2063_069w,DO-40-2063,40,39,69,69,16,4339,G23W2,13-18 months,8/10/16 months
DO_40_2054_069w,DO-40-2054,40,39,69,69,16,4338,G23W2,13-18 months,8/10/16 months
DO_2D_4072_044w,DO-2D-4072,2D,50,44,44,10,4978,G24W1,6-12 months,8/10/16 months
DO_2D_4072_120w,DO-2D-4072,2D,56,120,121,28,4978,G24W1,25-30 months,22/28 months
DO_2D_4072_068w,DO-2D-4072,2D,52,68,69,16,4978,G24W1,13-18 months,8/10/16 months
DO_2D_4072_148w,DO-2D-4072,2D,56,148,148,34,4978,G24W1,>=31 months,34+months
DO_2D_4072_021w,DO-2D-4072,2D,48,21,21,5,4978,G24W1,<=5 months,5 months
DO_40_2116_021w,DO-40-2116,40,75,21,21,5,5882,G26W2,<=5 months,5 months
DO_40_2116_044w,DO-40-2116,40,77,44,44,10,5882,G26W2,6-12 months,8/10/16 months
DO_40_2116_175w,DO-40-2116,40,82,175,174,40,5882,G26W2,>=31 months,34+months
DO_40_2116_120w,DO-40-2116,40,80,120,121,28,5882,G26W2,25-30 months,22/28 months
DO_40_2117_096w,DO-40-2117,40,79,96,96,22,5882,G26W2,19-24 months,22/28 months
DO_40_2117_200w,DO-40-2117,40,82,200,200,46,5882,G26W2,>=31 months,34+months
DO_40_2117_148w,DO-40-2117,40,82,148,148,34,5882,G26W2,>=31 months,34+months
DO_40_2117_044w,DO-40-2117,40,77,44,44,10,5882,G26W2,6-12 months,8/10/16 months
DO_40_2117_175w,DO-40-2117,40,82,175,174,40,5882,G26W2,>=31 months,34+months
DO_40_2117_120w,DO-40-2117,40,80,120,121,28,5882,G26W2,25-30 months,22/28 months
DO_2D_4116_044w,DO-2D-4116,2D,77,44,44,10,5886,G26W2,6-12 months,8/10/16 months
DO_2D_4009_038w,DO-2D-4009,2D,4,38,35,8,3313,G22W1,6-12 months,8/10/16 months
DO_2D_4009_044w,DO-2D-4009,2D,2,44,44,10,3313,G22W1,6-12 months,8/10/16 months
DO_2D_4009_069w,DO-2D-4009,2D,5,69,69,16,3313,G22W1,13-18 months,8/10/16 months
DO_2D_4009_097w,DO-2D-4009,2D,6,97,96,22,3313,G22W1,19-24 months,22/28 months
DO_2D_4009_121w,DO-2D-4009,2D,6,121,121,28,3313,G22W1,25-30 months,22/28 months
DO_40_2007_097w,DO-40-2007,40,6,97,96,22,3302,G22W1,19-24 months,22/28 months
DO_40_2007_121w,DO-40-2007,40,6,121,121,28,3302,G22W1,25-30 months,22/28 months
DO_40_2007_069w,DO-40-2007,40,5,69,69,16,3302,G22W1,13-18 months,8/10/16 months
DO_40_2007_044w,DO-40-2007,40,1,44,44,10,3302,G22W1,6-12 months,8/10/16 months
DO_40_2007_038w,DO-40-2007,40,3,38,35,8,3302,G22W1,6-12 months,8/10/16 months
DO_1D_3056_096w,DO-1D-3056,1D,43,96,96,22,4340,G23W2,19-24 months,22/28 months
DO_1D_3056_148w,DO-1D-3056,1D,45,148,148,34,4340,G23W2,>=31 months,34+months
DO_1D_3056_121w,DO-1D-3056,1D,45,121,121,28,4340,G23W2,25-30 months,22/28 months
DO_2D_4047_096w,DO-2D-4047,2D,29,96,96,22,4115,G23W1,19-24 months,22/28 months
DO_2D_4047_069w,DO-2D-4047,2D,26,69,69,16,4115,G23W1,13-18 months,8/10/16 months
DO_20_1127_175w,DO-20-1127,20,82,175,174,40,5881,G26W2,>=31 months,34+months
DO_20_1127_021w,DO-20-1127,20,75,21,21,5,5881,G26W2,<=5 months,5 months
DO_20_1127_069w,DO-20-1127,20,78,69,69,16,5881,G26W2,13-18 months,8/10/16 months
DO_20_1127_120w,DO-20-1127,20,80,120,121,28,5881,G26W2,25-30 months,22/28 months
DO_20_1127_148w,DO-20-1127,20,82,148,148,34,5881,G26W2,>=31 months,34+months
DO_20_1127_044w,DO-20-1127,20,77,44,44,10,5881,G26W2,6-12 months,8/10/16 months
DO_40_2084_096w,DO-40-2084,40,66,96,96,22,5085,G24W2,19-24 months,22/28 months
DO_40_2084_069w,DO-40-2084,40,63,69,69,16,5085,G24W2,13-18 months,8/10/16 months
DO_40_2084_022w,DO-40-2084,40,57,22,21,5,5085,G24W2,<=5 months,5 months
DO_20_1163_044w,DO-20-1163,20,111,44,44,10,6471,G28W1,6-12 months,8/10/16 months
DO_20_1163_097w,DO-20-1163,20,115,97,96,22,6471,G28W1,19-24 months,22/28 months
DO_20_1163_069w,DO-20-1163,20,113,69,69,16,6471,G28W1,13-18 months,8/10/16 months
DO_AL_0051_121w,DO-AL-0051,AL,43,121,121,28,4332,G23W2,25-30 months,22/28 months
DO_AL_0051_020w,DO-AL-0051,AL,32,20,21,5,4332,G23W2,<=5 months,5 months
DO_AL_0051_044w,DO-AL-0051,AL,35,44,44,10,4332,G23W2,6-12 months,8/10/16 months
DO_AL_0051_096w,DO-AL-0051,AL,41,96,96,22,4332,G23W2,19-24 months,22/28 months
DO_AL_0051_069w,DO-AL-0051,AL,38,69,69,16,4332,G23W2,13-18 months,8/10/16 months
DO_40_2059_173w,DO-40-2059,40,46,173,174,40,4339,G23W2,>=31 months,34+months
DO_40_2059_121w,DO-40-2059,40,44,121,121,28,4339,G23W2,25-30 months,22/28 months
DO_40_2059_020w,DO-40-2059,40,34,20,21,5,4339,G23W2,<=5 months,5 months
DO_1D_3027_121w,DO-1D-3027,1D,15,121,121,28,3396,G22W2,25-30 months,22/28 months
DO_1D_3027_035w,DO-1D-3027,1D,10,35,35,8,3396,G22W2,6-12 months,8/10/16 months
DO_1D_3027_043w,DO-1D-3027,1D,11,43,44,10,3396,G22W2,6-12 months,8/10/16 months
DO_1D_3027_097w,DO-1D-3027,1D,14,97,96,22,3396,G22W2,19-24 months,22/28 months
DO_1D_3027_069w,DO-1D-3027,1D,13,69,69,16,3396,G22W2,13-18 months,8/10/16 months
DO_1D_3103_096w,DO-1D-3103,1D,74,96,96,22,5842,G26W1,19-24 months,22/28 months
DO_1D_3103_044w,DO-1D-3103,1D,71,44,44,10,5842,G26W1,6-12 months,8/10/16 months
DO_1D_3103_021w,DO-1D-3103,1D,69,21,21,5,5842,G26W1,<=5 months,5 months
DO_1D_3103_121w,DO-1D-3103,1D,81,121,121,28,5842,G26W1,25-30 months,22/28 months
DO_1D_3103_069w,DO-1D-3103,1D,73,69,69,16,5842,G26W1,13-18 months,8/10/16 months
DO_40_2088_022w,DO-40-2088,40,58,22,21,5,5085,G24W2,<=5 months,5 months
DO_40_2088_096w,DO-40-2088,40,66,96,96,22,5085,G24W2,19-24 months,22/28 months
DO_40_2088_173w,DO-40-2088,40,67,173,174,40,5085,G24W2,>=31 months,34+months
DO_40_2088_069w,DO-40-2088,40,63,69,69,16,5085,G24W2,13-18 months,8/10/16 months
DO_20_1044_044w,DO-20-1044,20,22,44,44,10,4107,G23W1,6-12 months,8/10/16 months
DO_20_1044_096w,DO-20-1044,20,27,96,96,22,4107,G23W1,19-24 months,22/28 months
DO_20_1044_023w,DO-20-1044,20,18,23,21,5,4107,G23W1,<=5 months,5 months
DO_20_1044_121w,DO-20-1044,20,29,121,121,28,4107,G23W1,25-30 months,22/28 months
DO_20_1044_069w,DO-20-1044,20,25,69,69,16,4107,G23W1,13-18 months,8/10/16 months
DO_2D_4006_069w,DO-2D-4006,2D,5,69,69,16,3312,G22W1,13-18 months,8/10/16 months
DO_2D_4006_038w,DO-2D-4006,2D,4,38,35,8,3312,G22W1,6-12 months,8/10/16 months
DO_2D_4006_044w,DO-2D-4006,2D,2,44,44,10,3312,G22W1,6-12 months,8/10/16 months
DO_2D_4006_097w,DO-2D-4006,2D,6,97,96,22,3312,G22W1,19-24 months,22/28 months
DO_20_1181_021w,DO-20-1181,20,118,21,21,5,6533,G28W2,<=5 months,5 months
DO_20_1181_122w,DO-20-1181,20,127,122,121,28,6533,G28W2,25-30 months,22/28 months
DO_40_2164_021w,DO-40-2164,40,108,21,21,5,6473,G28W1,<=5 months,5 months
DO_40_2164_069w,DO-40-2164,40,114,69,69,16,6473,G28W1,13-18 months,8/10/16 months
DO_2D_4021_035w,DO-2D-4021,2D,10,35,35,8,3397,G22W2,6-12 months,8/10/16 months
DO_2D_4021_069w,DO-2D-4021,2D,13,69,69,16,3397,G22W2,13-18 months,8/10/16 months
DO_2D_4021_043w,DO-2D-4021,2D,11,43,44,10,3397,G22W2,6-12 months,8/10/16 months
DO_AL_0010_044w,DO-AL-0010,AL,1,44,44,10,3298,G22W1,6-12 months,8/10/16 months
DO_AL_0010_069w,DO-AL-0010,AL,4,69,69,16,3298,G22W1,13-18 months,8/10/16 months
DO_AL_0010_038w,DO-AL-0010,AL,3,38,35,8,3298,G22W1,6-12 months,8/10/16 months
DO_AL_0010_097w,DO-AL-0010,AL,6,97,96,22,3298,G22W1,19-24 months,22/28 months
DO_1D_3123_120w,DO-1D-3123,1D,80,120,121,28,5885,G26W2,25-30 months,22/28 months
DO_1D_3123_044w,DO-1D-3123,1D,77,44,44,10,5885,G26W2,6-12 months,8/10/16 months
DO_1D_3123_148w,DO-1D-3123,1D,82,148,148,34,5885,G26W2,>=31 months,34+months
DO_1D_3123_096w,DO-1D-3123,1D,79,96,96,22,5885,G26W2,19-24 months,22/28 months
DO_40_2060_020w,DO-40-2060,40,34,20,21,5,4339,G23W2,<=5 months,5 months
DO_40_2060_069w,DO-40-2060,40,39,69,69,16,4339,G23W2,13-18 months,8/10/16 months
DO_40_2016_097w,DO-40-2016,40,6,97,96,22,3303,G22W1,19-24 months,22/28 months
DO_40_2016_069w,DO-40-2016,40,5,69,69,16,3303,G22W1,13-18 months,8/10/16 months
DO_40_2016_121w,DO-40-2016,40,6,121,121,28,3303,G22W1,25-30 months,22/28 months
DO_40_2016_038w,DO-40-2016,40,3,38,35,8,3303,G22W1,6-12 months,8/10/16 months
DO_2D_4145_148w,DO-2D-4145,2D,107,148,148,34,6299,G27W2,>=31 months,34+months
DO_2D_4145_096w,DO-2D-4145,2D,103,96,96,22,6299,G27W2,19-24 months,22/28 months
DO_2D_4145_069w,DO-2D-4145,2D,101,69,69,16,6299,G27W2,13-18 months,8/10/16 months
DO_2D_4145_121w,DO-2D-4145,2D,105,121,121,28,6299,G27W2,25-30 months,22/28 months
DO_AL_0129_021w,DO-AL-0129,AL,83,21,21,5,6182,G27W1,<=5 months,5 months
DO_40_2189_069w,DO-40-2189,40,124,69,69,16,6536,G28W2,13-18 months,8/10/16 months
DO_40_2189_122w,DO-40-2189,40,127,122,121,28,6536,G28W2,25-30 months,22/28 months
DO_40_2189_096w,DO-40-2189,40,126,96,96,22,6536,G28W2,19-24 months,22/28 months
DO_1D_3124_021w,DO-1D-3124,1D,76,21,21,5,5885,G26W2,<=5 months,5 months
DO_1D_3124_044w,DO-1D-3124,1D,77,44,44,10,5885,G26W2,6-12 months,8/10/16 months
DO_1D_3124_096w,DO-1D-3124,1D,79,96,96,22,5885,G26W2,19-24 months,22/28 months
DO_1D_3124_120w,DO-1D-3124,1D,80,120,121,28,5885,G26W2,25-30 months,22/28 months
DO_1D_3124_069w,DO-1D-3124,1D,78,69,69,16,5885,G26W2,13-18 months,8/10/16 months
DO_1D_3166_021w,DO-1D-3166,1D,109,21,21,5,6475,G28W1,<=5 months,5 months
DO_1D_3166_044w,DO-1D-3166,1D,112,44,44,10,6475,G28W1,6-12 months,8/10/16 months
DO_1D_3166_069w,DO-1D-3166,1D,114,69,69,16,6475,G28W1,13-18 months,8/10/16 months
DO_20_1062_148w,DO-20-1062,20,45,148,148,34,4337,G23W2,>=31 months,34+months
DO_20_1062_069w,DO-20-1062,20,39,69,69,16,4337,G23W2,13-18 months,8/10/16 months
DO_20_1062_096w,DO-20-1062,20,42,96,96,22,4337,G23W2,19-24 months,22/28 months
DO_2D_4059_096w,DO-2D-4059,2D,43,96,96,22,4336,G23W2,19-24 months,22/28 months
DO_2D_4059_121w,DO-2D-4059,2D,45,121,121,28,4336,G23W2,25-30 months,22/28 months
DO_2D_4059_044w,DO-2D-4059,2D,37,44,44,10,4336,G23W2,6-12 months,8/10/16 months
DO_2D_4059_148w,DO-2D-4059,2D,45,148,148,34,4336,G23W2,>=31 months,34+months
DO_2D_4059_069w,DO-2D-4059,2D,40,69,69,16,4336,G23W2,13-18 months,8/10/16 months
DO_1D_3070_068w,DO-1D-3070,1D,52,68,69,16,4976,G24W1,13-18 months,8/10/16 months
DO_AL_0033_174w,DO-AL-0033,AL,31,174,174,40,4104,G23W1,>=31 months,34+months
DO_AL_0033_023w,DO-AL-0033,AL,17,23,21,5,4104,G23W1,<=5 months,5 months
DO_AL_0033_148w,DO-AL-0033,AL,30,148,148,34,4104,G23W1,>=31 months,34+months
DO_AL_0033_096w,DO-AL-0033,AL,26,96,96,22,4104,G23W1,19-24 months,22/28 months
DO_AL_0033_069w,DO-AL-0033,AL,24,69,69,16,4104,G23W1,13-18 months,8/10/16 months
DO_AL_0033_121w,DO-AL-0033,AL,29,121,121,28,4104,G23W1,25-30 months,22/28 months
DO_AL_0012_069w,DO-AL-0012,AL,4,69,69,16,3298,G22W1,13-18 months,8/10/16 months
DO_AL_0012_044w,DO-AL-0012,AL,1,44,44,10,3298,G22W1,6-12 months,8/10/16 months
DO_AL_0012_148w,DO-AL-0012,AL,6,148,148,34,3298,G22W1,>=31 months,34+months
DO_AL_0012_121w,DO-AL-0012,AL,6,121,121,28,3298,G22W1,25-30 months,22/28 months
DO_AL_0012_038w,DO-AL-0012,AL,3,38,35,8,3298,G22W1,6-12 months,8/10/16 months
DO_AL_0012_097w,DO-AL-0012,AL,6,97,96,22,3298,G22W1,19-24 months,22/28 months
DO_20_1075_068w,DO-20-1075,20,51,68,69,16,4973,G24W1,13-18 months,8/10/16 months
DO_20_1075_096w,DO-20-1075,20,52,96,96,22,4973,G24W1,19-24 months,22/28 months
DO_20_1075_021w,DO-20-1075,20,46,21,21,5,4973,G24W1,<=5 months,5 months
DO_40_2186_122w,DO-40-2186,40,127,122,121,28,6536,G28W2,25-30 months,22/28 months
DO_40_2186_021w,DO-40-2186,40,119,21,21,5,6536,G28W2,<=5 months,5 months
DO_40_2186_069w,DO-40-2186,40,124,69,69,16,6536,G28W2,13-18 months,8/10/16 months
DO_40_2186_044w,DO-40-2186,40,121,44,44,10,6536,G28W2,6-12 months,8/10/16 months
DO_2D_4130_021w,DO-2D-4130,2D,85,21,21,5,6190,G27W1,<=5 months,5 months
DO_2D_4130_044w,DO-2D-4130,2D,88,44,44,10,6190,G27W1,6-12 months,8/10/16 months
DO_2D_4130_096w,DO-2D-4130,2D,93,96,96,22,6190,G27W1,19-24 months,22/28 months
DO_2D_4130_069w,DO-2D-4130,2D,91,69,69,16,6190,G27W1,13-18 months,8/10/16 months
DO_1D_3122_096w,DO-1D-3122,1D,79,96,96,22,5885,G26W2,19-24 months,22/28 months
DO_1D_3122_069w,DO-1D-3122,1D,78,69,69,16,5885,G26W2,13-18 months,8/10/16 months
DO_1D_3122_044w,DO-1D-3122,1D,77,44,44,10,5885,G26W2,6-12 months,8/10/16 months
DO_1D_3122_021w,DO-1D-3122,1D,76,21,21,5,5885,G26W2,<=5 months,5 months
DO_40_2188_044w,DO-40-2188,40,121,44,44,10,6536,G28W2,6-12 months,8/10/16 months
DO_40_2188_021w,DO-40-2188,40,119,21,21,5,6536,G28W2,<=5 months,5 months
DO_40_2188_069w,DO-40-2188,40,124,69,69,16,6536,G28W2,13-18 months,8/10/16 months
DO_AL_0155_044w,DO-AL-0155,AL,98,44,44,10,6302,G27W2,6-12 months,8/10/16 months
DO_AL_0155_021w,DO-AL-0155,AL,96,21,21,5,6302,G27W2,<=5 months,5 months
DO_2D_4055_020w,DO-2D-4055,2D,35,20,21,5,4334,G23W2,<=5 months,5 months
DO_AL_0133_021w,DO-AL-0133,AL,83,21,21,5,6182,G27W1,<=5 months,5 months
DO_AL_0133_121w,DO-AL-0133,AL,94,121,121,28,6182,G27W1,25-30 months,22/28 months
DO_AL_0133_069w,DO-AL-0133,AL,88,69,69,16,6182,G27W1,13-18 months,8/10/16 months
DO_AL_0133_044w,DO-AL-0133,AL,85,44,44,10,6182,G27W1,6-12 months,8/10/16 months
DO_20_1085_022w,DO-20-1085,20,57,22,21,5,5078,G24W2,<=5 months,5 months
DO_20_1080_021w,DO-20-1080,20,46,21,21,5,4973,G24W1,<=5 months,5 months
DO_20_1080_068w,DO-20-1080,20,51,68,69,16,4973,G24W1,13-18 months,8/10/16 months
DO_1D_3094_069w,DO-1D-3094,1D,64,69,69,16,5094,G24W2,13-18 months,8/10/16 months
DO_1D_3094_044w,DO-1D-3094,1D,61,44,44,10,5094,G24W2,6-12 months,8/10/16 months
DO_1D_3094_121w,DO-1D-3094,1D,67,121,121,28,5094,G24W2,25-30 months,22/28 months
DO_2D_4024_035w,DO-2D-4024,2D,10,35,35,8,3397,G22W2,6-12 months,8/10/16 months
DO_2D_4024_121w,DO-2D-4024,2D,15,121,121,28,3397,G22W2,25-30 months,22/28 months
DO_2D_4024_069w,DO-2D-4024,2D,13,69,69,16,3397,G22W2,13-18 months,8/10/16 months
DO_2D_4024_043w,DO-2D-4024,2D,11,43,44,10,3397,G22W2,6-12 months,8/10/16 months
DO_1D_3165_021w,DO-1D-3165,1D,109,21,21,5,6475,G28W1,<=5 months,5 months
DO_1D_3165_069w,DO-1D-3165,1D,114,69,69,16,6475,G28W1,13-18 months,8/10/16 months
DO_1D_3165_044w,DO-1D-3165,1D,112,44,44,10,6475,G28W1,6-12 months,8/10/16 months
DO_1D_3055_020w,DO-1D-3055,1D,34,20,21,5,4340,G23W2,<=5 months,5 months
DO_AL_0023_069w,DO-AL-0023,AL,12,69,69,16,3389,G22W2,13-18 months,8/10/16 months
DO_AL_0023_043w,DO-AL-0023,AL,10,43,44,10,3389,G22W2,6-12 months,8/10/16 months
DO_AL_0023_035w,DO-AL-0023,AL,9,35,35,8,3389,G22W2,6-12 months,8/10/16 months
DO_1D_3178_122w,DO-1D-3178,1D,127,122,121,28,6537,G28W2,25-30 months,22/28 months
DO_1D_3178_021w,DO-1D-3178,1D,120,21,21,5,6537,G28W2,<=5 months,5 months
DO_1D_3178_069w,DO-1D-3178,1D,124,69,69,16,6537,G28W2,13-18 months,8/10/16 months
DO_AL_0029_069w,DO-AL-0029,AL,12,69,69,16,3390,G22W2,13-18 months,8/10/16 months
DO_AL_0029_035w,DO-AL-0029,AL,9,35,35,8,3390,G22W2,6-12 months,8/10/16 months
DO_AL_0029_043w,DO-AL-0029,AL,10,43,44,10,3390,G22W2,6-12 months,8/10/16 months
DO_AL_0189_021w,DO-AL-0189,AL,118,21,21,5,6532,G28W2,<=5 months,5 months
DO_AL_0189_069w,DO-AL-0189,AL,123,69,69,16,6532,G28W2,13-18 months,8/10/16 months
DO_40_2104_044w,DO-40-2104,40,70,44,44,10,5840,G26W1,6-12 months,8/10/16 months
DO_1D_3066_095w,DO-1D-3066,1D,53,95,96,22,4976,G24W1,19-24 months,22/28 months
DO_1D_3066_021w,DO-1D-3066,1D,47,21,21,5,4976,G24W1,<=5 months,5 months
DO_1D_3066_068w,DO-1D-3066,1D,52,68,69,16,4976,G24W1,13-18 months,8/10/16 months
DO_1D_3066_120w,DO-1D-3066,1D,55,120,121,28,4976,G24W1,25-30 months,22/28 months
DO_1D_3142_096w,DO-1D-3142,1D,93,96,96,22,6189,G27W1,19-24 months,22/28 months
DO_1D_3142_069w,DO-1D-3142,1D,91,69,69,16,6189,G27W1,13-18 months,8/10/16 months
DO_1D_3142_121w,DO-1D-3142,1D,95,121,121,28,6189,G27W1,25-30 months,22/28 months
DO_1D_3142_021w,DO-1D-3142,1D,85,21,21,5,6189,G27W1,<=5 months,5 months
DO_1D_3142_044w,DO-1D-3142,1D,88,44,44,10,6189,G27W1,6-12 months,8/10/16 months
DO_40_2043_148w,DO-40-2043,40,31,148,148,34,4109,G23W1,>=31 months,34+months
DO_40_2043_044w,DO-40-2043,40,23,44,44,10,4109,G23W1,6-12 months,8/10/16 months
DO_40_2043_069w,DO-40-2043,40,25,69,69,16,4109,G23W1,13-18 months,8/10/16 months
DO_40_2043_096w,DO-40-2043,40,28,96,96,22,4109,G23W1,19-24 months,22/28 months
DO_1D_3163_097w,DO-1D-3163,1D,115,97,96,22,6475,G28W1,19-24 months,22/28 months
DO_1D_3163_021w,DO-1D-3163,1D,109,21,21,5,6475,G28W1,<=5 months,5 months
DO_1D_3050_020w,DO-1D-3050,1D,34,20,21,5,4340,G23W2,<=5 months,5 months
DO_1D_3050_096w,DO-1D-3050,1D,42,96,96,22,4340,G23W2,19-24 months,22/28 months
DO_1D_3050_044w,DO-1D-3050,1D,37,44,44,10,4340,G23W2,6-12 months,8/10/16 months
DO_40_2148_096w,DO-40-2148,40,102,96,96,22,6305,G27W2,19-24 months,22/28 months
DO_40_2148_021w,DO-40-2148,40,97,21,21,5,6305,G27W2,<=5 months,5 months
DO_40_2148_069w,DO-40-2148,40,101,69,69,16,6305,G27W2,13-18 months,8/10/16 months
DO_2D_4010_038w,DO-2D-4010,2D,4,38,35,8,3313,G22W1,6-12 months,8/10/16 months
DO_AL_0121_069w,DO-AL-0121,AL,78,69,69,16,5879,G26W2,13-18 months,8/10/16 months
DO_AL_0121_044w,DO-AL-0121,AL,77,44,44,10,5879,G26W2,6-12 months,8/10/16 months
DO_AL_0121_021w,DO-AL-0121,AL,75,21,21,5,5879,G26W2,<=5 months,5 months
DO_1D_3042_044w,DO-1D-3042,1D,23,44,44,10,4113,G23W1,6-12 months,8/10/16 months
DO_1D_3042_023w,DO-1D-3042,1D,19,23,21,5,4113,G23W1,<=5 months,5 months
DO_1D_3042_069w,DO-1D-3042,1D,25,69,69,16,4113,G23W1,13-18 months,8/10/16 months
DO_40_2037_069w,DO-40-2037,40,25,69,69,16,4108,G23W1,13-18 months,8/10/16 months
DO_1D_3187_021w,DO-1D-3187,1D,120,21,21,5,6538,G28W2,<=5 months,5 months
DO_1D_3187_044w,DO-1D-3187,1D,121,44,44,10,6538,G28W2,6-12 months,8/10/16 months
DO_1D_3157_096w,DO-1D-3157,1D,103,96,96,22,6308,G27W2,19-24 months,22/28 months
DO_1D_3157_069w,DO-1D-3157,1D,101,69,69,16,6308,G27W2,13-18 months,8/10/16 months
DO_1D_3157_021w,DO-1D-3157,1D,97,21,21,5,6308,G27W2,<=5 months,5 months
DO_2D_4027_069w,DO-2D-4027,2D,13,69,69,16,3398,G22W2,13-18 months,8/10/16 months
DO_2D_4027_035w,DO-2D-4027,2D,10,35,35,8,3398,G22W2,6-12 months,8/10/16 months
DO_2D_4027_121w,DO-2D-4027,2D,15,121,121,28,3398,G22W2,25-30 months,22/28 months
DO_2D_4027_097w,DO-2D-4027,2D,14,97,96,22,3398,G22W2,19-24 months,22/28 months
DO_2D_4027_043w,DO-2D-4027,2D,11,43,44,10,3398,G22W2,6-12 months,8/10/16 months
DO_2D_4027_148w,DO-2D-4027,2D,16,148,148,34,3398,G22W2,>=31 months,34+months
DO_40_2157_044w,DO-40-2157,40,99,44,44,10,6306,G27W2,6-12 months,8/10/16 months
DO_40_2157_121w,DO-40-2157,40,105,121,121,28,6306,G27W2,25-30 months,22/28 months
DO_40_2157_096w,DO-40-2157,40,103,96,96,22,6306,G27W2,19-24 months,22/28 months
DO_40_2157_069w,DO-40-2157,40,101,69,69,16,6306,G27W2,13-18 months,8/10/16 months
DO_20_1102_020w,DO-20-1102,20,68,20,21,5,5836,G26W1,<=5 months,5 months
DO_20_1102_121w,DO-20-1102,20,81,121,121,28,5836,G26W1,25-30 months,22/28 months
DO_20_1102_096w,DO-20-1102,20,74,96,96,22,5836,G26W1,19-24 months,22/28 months
DO_20_1102_069w,DO-20-1102,20,72,69,69,16,5836,G26W1,13-18 months,8/10/16 months
DO_20_1102_044w,DO-20-1102,20,70,44,44,10,5836,G26W1,6-12 months,8/10/16 months
DO_20_1081_096w,DO-20-1081,20,66,96,96,22,5078,G24W2,19-24 months,22/28 months
DO_20_1081_069w,DO-20-1081,20,62,69,69,16,5078,G24W2,13-18 months,8/10/16 months
DO_20_1081_022w,DO-20-1081,20,57,22,21,5,5078,G24W2,<=5 months,5 months
DO_2D_4182_044w,DO-2D-4182,2D,122,44,44,10,6539,G28W2,6-12 months,8/10/16 months
DO_AL_0176_044w,DO-AL-0176,AL,111,44,44,10,6470,G28W1,6-12 months,8/10/16 months
DO_AL_0176_097w,DO-AL-0176,AL,115,97,96,22,6470,G28W1,19-24 months,22/28 months
DO_AL_0176_021w,DO-AL-0176,AL,107,21,21,5,6470,G28W1,<=5 months,5 months
DO_AL_0176_069w,DO-AL-0176,AL,113,69,69,16,6470,G28W1,13-18 months,8/10/16 months
DO_AL_0047_044w,DO-AL-0047,AL,22,44,44,10,4105,G23W1,6-12 months,8/10/16 months
DO_AL_0047_096w,DO-AL-0047,AL,27,96,96,22,4105,G23W1,19-24 months,22/28 months
DO_AL_0047_069w,DO-AL-0047,AL,25,69,69,16,4105,G23W1,13-18 months,8/10/16 months
DO_AL_0047_023w,DO-AL-0047,AL,17,23,21,5,4105,G23W1,<=5 months,5 months
DO_AL_0047_121w,DO-AL-0047,AL,29,121,121,28,4105,G23W1,25-30 months,22/28 months
DO_AL_0125_044w,DO-AL-0125,AL,77,44,44,10,5879,G26W2,6-12 months,8/10/16 months
DO_AL_0125_096w,DO-AL-0125,AL,78,96,96,22,5879,G26W2,19-24 months,22/28 months
DO_AL_0125_069w,DO-AL-0125,AL,78,69,69,16,5879,G26W2,13-18 months,8/10/16 months
DO_AL_0125_148w,DO-AL-0125,AL,82,148,148,34,5879,G26W2,>=31 months,34+months
DO_AL_0125_021w,DO-AL-0125,AL,75,21,21,5,5879,G26W2,<=5 months,5 months
DO_AL_0125_120w,DO-AL-0125,AL,80,120,121,28,5879,G26W2,25-30 months,22/28 months
DO_40_2006_097w,DO-40-2006,40,6,97,96,22,3302,G22W1,19-24 months,22/28 months
DO_40_2006_069w,DO-40-2006,40,5,69,69,16,3302,G22W1,13-18 months,8/10/16 months
DO_40_2006_044w,DO-40-2006,40,1,44,44,10,3302,G22W1,6-12 months,8/10/16 months
DO_40_2006_038w,DO-40-2006,40,3,38,35,8,3302,G22W1,6-12 months,8/10/16 months
DO_AL_0009_044w,DO-AL-0009,AL,1,44,44,10,3298,G22W1,6-12 months,8/10/16 months
DO_AL_0009_038w,DO-AL-0009,AL,3,38,35,8,3298,G22W1,6-12 months,8/10/16 months
DO_2D_4179_069w,DO-2D-4179,2D,125,69,69,16,6539,G28W2,13-18 months,8/10/16 months
DO_2D_4179_021w,DO-2D-4179,2D,120,21,21,5,6539,G28W2,<=5 months,5 months
DO_2D_4179_044w,DO-2D-4179,2D,122,44,44,10,6539,G28W2,6-12 months,8/10/16 months
DO_AL_0026_069w,DO-AL-0026,AL,12,69,69,16,3390,G22W2,13-18 months,8/10/16 months
DO_AL_0026_035w,DO-AL-0026,AL,9,35,35,8,3390,G22W2,6-12 months,8/10/16 months
DO_AL_0026_148w,DO-AL-0026,AL,15,148,148,34,3390,G22W2,>=31 months,34+months
DO_AL_0026_121w,DO-AL-0026,AL,15,121,121,28,3390,G22W2,25-30 months,22/28 months
DO_AL_0026_097w,DO-AL-0026,AL,13,97,96,22,3390,G22W2,19-24 months,22/28 months
DO_AL_0026_043w,DO-AL-0026,AL,10,43,44,10,3390,G22W2,6-12 months,8/10/16 months
DO_40_2187_174w,DO-40-2187,40,129,174,174,40,6536,G28W2,>=31 months,34+months
DO_40_2187_021w,DO-40-2187,40,119,21,21,5,6536,G28W2,<=5 months,5 months
DO_40_2187_069w,DO-40-2187,40,124,69,69,16,6536,G28W2,13-18 months,8/10/16 months
DO_20_1112_044w,DO-20-1112,20,70,44,44,10,5838,G26W1,6-12 months,8/10/16 months
DO_20_1112_121w,DO-20-1112,20,81,121,121,28,5838,G26W1,25-30 months,22/28 months
DO_20_1112_096w,DO-20-1112,20,74,96,96,22,5838,G26W1,19-24 months,22/28 months
DO_20_1112_069w,DO-20-1112,20,72,69,69,16,5838,G26W1,13-18 months,8/10/16 months
DO_40_2132_096w,DO-40-2132,40,92,96,96,22,6186,G27W1,19-24 months,22/28 months
DO_40_2132_021w,DO-40-2132,40,84,21,21,5,6186,G27W1,<=5 months,5 months
DO_40_2132_044w,DO-40-2132,40,87,44,44,10,6186,G27W1,6-12 months,8/10/16 months
DO_40_2132_069w,DO-40-2132,40,90,69,69,16,6186,G27W1,13-18 months,8/10/16 months
DO_40_2152_096w,DO-40-2152,40,102,96,96,22,6305,G27W2,19-24 months,22/28 months
DO_40_2152_069w,DO-40-2152,40,101,69,69,16,6305,G27W2,13-18 months,8/10/16 months
DO_40_2152_121w,DO-40-2152,40,105,121,121,28,6305,G27W2,25-30 months,22/28 months
DO_1D_3014_097w,DO-1D-3014,1D,6,97,96,22,3311,G22W1,19-24 months,22/28 months
DO_1D_3014_121w,DO-1D-3014,1D,6,121,121,28,3311,G22W1,25-30 months,22/28 months
DO_1D_3014_069w,DO-1D-3014,1D,5,69,69,16,3311,G22W1,13-18 months,8/10/16 months
DO_1D_3014_038w,DO-1D-3014,1D,4,38,35,8,3311,G22W1,6-12 months,8/10/16 months
DO_1D_3014_044w,DO-1D-3014,1D,2,44,44,10,3311,G22W1,6-12 months,8/10/16 months
DO_AL_0175_021w,DO-AL-0175,AL,107,21,21,5,6470,G28W1,<=5 months,5 months
DO_AL_0175_121w,DO-AL-0175,AL,116,121,121,28,6470,G28W1,25-30 months,22/28 months
DO_AL_0175_097w,DO-AL-0175,AL,115,97,96,22,6470,G28W1,19-24 months,22/28 months
DO_AL_0175_044w,DO-AL-0175,AL,111,44,44,10,6470,G28W1,6-12 months,8/10/16 months
DO_AL_0040_069w,DO-AL-0040,AL,25,69,69,16,4104,G23W1,13-18 months,8/10/16 months
DO_AL_0040_096w,DO-AL-0040,AL,26,96,96,22,4104,G23W1,19-24 months,22/28 months
DO_AL_0040_023w,DO-AL-0040,AL,17,23,21,5,4104,G23W1,<=5 months,5 months
DO_1D_3118_120w,DO-1D-3118,1D,80,120,121,28,5884,G26W2,25-30 months,22/28 months
DO_1D_3118_096w,DO-1D-3118,1D,79,96,96,22,5884,G26W2,19-24 months,22/28 months
DO_1D_3118_069w,DO-1D-3118,1D,78,69,69,16,5884,G26W2,13-18 months,8/10/16 months
DO_1D_3118_044w,DO-1D-3118,1D,77,44,44,10,5884,G26W2,6-12 months,8/10/16 months
DO_AL_0037_096w,DO-AL-0037,AL,26,96,96,22,4104,G23W1,19-24 months,22/28 months
DO_AL_0037_069w,DO-AL-0037,AL,25,69,69,16,4104,G23W1,13-18 months,8/10/16 months
DO_AL_0157_148w,DO-AL-0157,AL,106,148,148,34,6302,G27W2,>=31 months,34+months
DO_AL_0157_096w,DO-AL-0157,AL,102,96,96,22,6302,G27W2,19-24 months,22/28 months
DO_20_1149_021w,DO-20-1149,20,96,21,21,5,6303,G27W2,<=5 months,5 months
DO_20_1149_096w,DO-20-1149,20,102,96,96,22,6303,G27W2,19-24 months,22/28 months
DO_20_1149_069w,DO-20-1149,20,100,69,69,16,6303,G27W2,13-18 months,8/10/16 months
DO_20_1142_069w,DO-20-1142,20,90,69,69,16,6185,G27W1,13-18 months,8/10/16 months
DO_20_1142_044w,DO-20-1142,20,86,44,44,10,6185,G27W1,6-12 months,8/10/16 months
DO_20_1142_096w,DO-20-1142,20,92,96,96,22,6185,G27W1,19-24 months,22/28 months
DO_AL_0101_044w,DO-AL-0101,AL,70,44,44,10,5835,G26W1,6-12 months,8/10/16 months
DO_AL_0101_069w,DO-AL-0101,AL,72,69,69,16,5835,G26W1,13-18 months,8/10/16 months
DO_2D_4033_121w,DO-2D-4033,2D,30,121,121,28,4114,G23W1,25-30 months,22/28 months
DO_2D_4033_096w,DO-2D-4033,2D,28,96,96,22,4114,G23W1,19-24 months,22/28 months
DO_2D_4033_069w,DO-2D-4033,2D,26,69,69,16,4114,G23W1,13-18 months,8/10/16 months
DO_2D_4033_023w,DO-2D-4033,2D,19,23,21,5,4114,G23W1,<=5 months,5 months
DO_20_1071_068w,DO-20-1071,20,51,68,69,16,4972,G24W1,13-18 months,8/10/16 months
DO_20_1071_149w,DO-20-1071,20,56,149,148,34,4972,G24W1,>=31 months,34+months
DO_20_1071_120w,DO-20-1071,20,54,120,121,28,4972,G24W1,25-30 months,22/28 months
DO_20_1071_096w,DO-20-1071,20,52,96,96,22,4972,G24W1,19-24 months,22/28 months
DO_40_2055_121w,DO-40-2055,40,44,121,121,28,4338,G23W2,25-30 months,22/28 months
DO_40_2055_096w,DO-40-2055,40,42,96,96,22,4338,G23W2,19-24 months,22/28 months
DO_40_2055_020w,DO-40-2055,40,34,20,21,5,4338,G23W2,<=5 months,5 months
DO_40_2055_148w,DO-40-2055,40,45,148,148,34,4338,G23W2,>=31 months,34+months
DO_2D_4104_096w,DO-2D-4104,2D,74,96,96,22,5844,G26W1,19-24 months,22/28 months
DO_2D_4104_020w,DO-2D-4104,2D,69,20,21,5,5844,G26W1,<=5 months,5 months
DO_2D_4104_069w,DO-2D-4104,2D,73,69,69,16,5844,G26W1,13-18 months,8/10/16 months
DO_2D_4104_044w,DO-2D-4104,2D,71,44,44,10,5844,G26W1,6-12 months,8/10/16 months
DO_2D_4104_121w,DO-2D-4104,2D,81,121,121,28,5844,G26W1,25-30 months,22/28 months
DO_20_1113_021w,DO-20-1113,20,75,21,21,5,5880,G26W2,<=5 months,5 months
DO_20_1113_069w,DO-20-1113,20,78,69,69,16,5880,G26W2,13-18 months,8/10/16 months
DO_20_1113_044w,DO-20-1113,20,77,44,44,10,5880,G26W2,6-12 months,8/10/16 months
DO_2D_4150_044w,DO-2D-4150,2D,100,44,44,10,6299,G27W2,6-12 months,8/10/16 months
DO_2D_4150_121w,DO-2D-4150,2D,106,121,121,28,6299,G27W2,25-30 months,22/28 months
DO_2D_4150_096w,DO-2D-4150,2D,103,96,96,22,6299,G27W2,19-24 months,22/28 months
DO_2D_4150_021w,DO-2D-4150,2D,97,21,21,5,6299,G27W2,<=5 months,5 months
DO_2D_4150_069w,DO-2D-4150,2D,101,69,69,16,6299,G27W2,13-18 months,8/10/16 months
DO_2D_4164_021w,DO-2D-4164,2D,110,21,21,5,6477,G28W1,<=5 months,5 months
DO_2D_4164_044w,DO-2D-4164,2D,113,44,44,10,6477,G28W1,6-12 months,8/10/16 months
DO_2D_4164_097w,DO-2D-4164,2D,115,97,96,22,6477,G28W1,19-24 months,22/28 months
DO_20_1067_096w,DO-20-1067,20,52,96,96,22,4972,G24W1,19-24 months,22/28 months
DO_20_1067_120w,DO-20-1067,20,54,120,121,28,4972,G24W1,25-30 months,22/28 months
DO_2D_4170_069w,DO-2D-4170,2D,114,69,69,16,6478,G28W1,13-18 months,8/10/16 months
DO_2D_4170_021w,DO-2D-4170,2D,110,21,21,5,6478,G28W1,<=5 months,5 months
DO_2D_4093_069w,DO-2D-4093,2D,64,69,69,16,5096,G24W2,13-18 months,8/10/16 months
DO_2D_4093_044w,DO-2D-4093,2D,61,44,44,10,5096,G24W2,6-12 months,8/10/16 months
DO_2D_4093_022w,DO-2D-4093,2D,59,22,21,5,5096,G24W2,<=5 months,5 months
DO_2D_4141_069w,DO-2D-4141,2D,91,69,69,16,6191,G27W1,13-18 months,8/10/16 months
DO_2D_4141_021w,DO-2D-4141,2D,85,21,21,5,6191,G27W1,<=5 months,5 months
DO_AL_0147_021w,DO-AL-0147,AL,93,21,21,5,6301,G27W2,<=5 months,5 months
DO_AL_0147_096w,DO-AL-0147,AL,101,96,96,22,6301,G27W2,19-24 months,22/28 months
DO_AL_0147_069w,DO-AL-0147,AL,100,69,69,16,6301,G27W2,13-18 months,8/10/16 months
DO_40_2112_021w,DO-40-2112,40,69,21,21,5,5841,G26W1,<=5 months,5 months
DO_2D_4101_069w,DO-2D-4101,2D,73,69,69,16,5844,G26W1,13-18 months,8/10/16 months
DO_2D_4101_044w,DO-2D-4101,2D,71,44,44,10,5844,G26W1,6-12 months,8/10/16 months
DO_2D_4101_020w,DO-2D-4101,2D,69,20,21,5,5844,G26W1,<=5 months,5 months
DO_20_1032_097w,DO-20-1032,20,14,97,96,22,3392,G22W2,19-24 months,22/28 months
DO_20_1177_044w,DO-20-1177,20,121,44,44,10,6533,G28W2,6-12 months,8/10/16 months
DO_20_1177_021w,DO-20-1177,20,118,21,21,5,6533,G28W2,<=5 months,5 months
DO_20_1177_096w,DO-20-1177,20,126,96,96,22,6533,G28W2,19-24 months,22/28 months
DO_1D_3158_069w,DO-1D-3158,1D,101,69,69,16,6308,G27W2,13-18 months,8/10/16 months
DO_1D_3003_069w,DO-1D-3003,1D,5,69,69,16,3308,G22W1,13-18 months,8/10/16 months
DO_1D_3003_044w,DO-1D-3003,1D,2,44,44,10,3308,G22W1,6-12 months,8/10/16 months
DO_1D_3003_038w,DO-1D-3003,1D,3,38,35,8,3308,G22W1,6-12 months,8/10/16 months
DO_1D_3003_121w,DO-1D-3003,1D,6,121,121,28,3308,G22W1,25-30 months,22/28 months
DO_1D_3003_097w,DO-1D-3003,1D,6,97,96,22,3308,G22W1,19-24 months,22/28 months
DO_2D_4016_038w,DO-2D-4016,2D,4,38,35,8,3313,G22W1,6-12 months,8/10/16 months
DO_2D_4016_044w,DO-2D-4016,2D,2,44,44,10,3313,G22W1,6-12 months,8/10/16 months
DO_2D_4016_069w,DO-2D-4016,2D,5,69,69,16,3313,G22W1,13-18 months,8/10/16 months
DO_2D_4016_097w,DO-2D-4016,2D,6,97,96,22,3313,G22W1,19-24 months,22/28 months
DO_2D_4113_069w,DO-2D-4113,2D,78,69,69,16,5886,G26W2,13-18 months,8/10/16 months
DO_2D_4113_096w,DO-2D-4113,2D,79,96,96,22,5886,G26W2,19-24 months,22/28 months
DO_2D_4113_044w,DO-2D-4113,2D,77,44,44,10,5886,G26W2,6-12 months,8/10/16 months
DO_2D_4113_148w,DO-2D-4113,2D,82,148,148,34,5886,G26W2,>=31 months,34+months
DO_2D_4113_021w,DO-2D-4113,2D,76,21,21,5,5886,G26W2,<=5 months,5 months
DO_2D_4113_120w,DO-2D-4113,2D,80,120,121,28,5886,G26W2,25-30 months,22/28 months
DO_40_2032_035w,DO-40-2032,40,9,35,35,8,3394,G22W2,6-12 months,8/10/16 months
DO_40_2032_121w,DO-40-2032,40,15,121,121,28,3394,G22W2,25-30 months,22/28 months
DO_40_2032_069w,DO-40-2032,40,12,69,69,16,3394,G22W2,13-18 months,8/10/16 months
DO_AL_0021_069w,DO-AL-0021,AL,12,69,69,16,3389,G22W2,13-18 months,8/10/16 months
DO_AL_0021_121w,DO-AL-0021,AL,14,121,121,28,3389,G22W2,25-30 months,22/28 months
DO_AL_0021_035w,DO-AL-0021,AL,9,35,35,8,3389,G22W2,6-12 months,8/10/16 months
DO_AL_0021_043w,DO-AL-0021,AL,10,43,44,10,3389,G22W2,6-12 months,8/10/16 months
DO_AL_0021_097w,DO-AL-0021,AL,13,97,96,22,3389,G22W2,19-24 months,22/28 months
DO_AL_0153_096w,DO-AL-0153,AL,102,96,96,22,6302,G27W2,19-24 months,22/28 months
DO_AL_0153_069w,DO-AL-0153,AL,100,69,69,16,6302,G27W2,13-18 months,8/10/16 months
DO_AL_0153_044w,DO-AL-0153,AL,98,44,44,10,6302,G27W2,6-12 months,8/10/16 months
DO_1D_3011_069w,DO-1D-3011,1D,5,69,69,16,3311,G22W1,13-18 months,8/10/16 months
DO_1D_3011_044w,DO-1D-3011,1D,2,44,44,10,3311,G22W1,6-12 months,8/10/16 months
DO_1D_3011_121w,DO-1D-3011,1D,6,121,121,28,3311,G22W1,25-30 months,22/28 months
DO_1D_3011_038w,DO-1D-3011,1D,4,38,35,8,3311,G22W1,6-12 months,8/10/16 months
DO_1D_3011_148w,DO-1D-3011,1D,7,148,148,34,3311,G22W1,>=31 months,34+months
DO_1D_3161_021w,DO-1D-3161,1D,109,21,21,5,6475,G28W1,<=5 months,5 months
DO_1D_3161_097w,DO-1D-3161,1D,115,97,96,22,6475,G28W1,19-24 months,22/28 months
DO_1D_3161_069w,DO-1D-3161,1D,114,69,69,16,6475,G28W1,13-18 months,8/10/16 months
DO_1D_3107_096w,DO-1D-3107,1D,74,96,96,22,5843,G26W1,19-24 months,22/28 months
DO_1D_3107_069w,DO-1D-3107,1D,73,69,69,16,5843,G26W1,13-18 months,8/10/16 months
DO_1D_3107_020w,DO-1D-3107,1D,69,20,21,5,5843,G26W1,<=5 months,5 months
DO_1D_3107_044w,DO-1D-3107,1D,71,44,44,10,5843,G26W1,6-12 months,8/10/16 months
DO_40_2156_044w,DO-40-2156,40,99,44,44,10,6306,G27W2,6-12 months,8/10/16 months
DO_40_2156_121w,DO-40-2156,40,105,121,121,28,6306,G27W2,25-30 months,22/28 months
DO_40_2156_069w,DO-40-2156,40,101,69,69,16,6306,G27W2,13-18 months,8/10/16 months
DO_40_2156_096w,DO-40-2156,40,103,96,96,22,6306,G27W2,19-24 months,22/28 months
DO_40_2156_174w,DO-40-2156,40,129,174,174,40,6306,G27W2,>=31 months,34+months
DO_20_1018_043w,DO-20-1018,20,10,43,44,10,3391,G22W2,6-12 months,8/10/16 months
DO_20_1018_069w,DO-20-1018,20,12,69,69,16,3391,G22W2,13-18 months,8/10/16 months
DO_20_1018_121w,DO-20-1018,20,15,121,121,28,3391,G22W2,25-30 months,22/28 months
DO_20_1018_035w,DO-20-1018,20,9,35,35,8,3391,G22W2,6-12 months,8/10/16 months
DO_20_1018_097w,DO-20-1018,20,13,97,96,22,3391,G22W2,19-24 months,22/28 months
DO_2D_4131_021w,DO-2D-4131,2D,85,21,21,5,6190,G27W1,<=5 months,5 months
DO_2D_4131_121w,DO-2D-4131,2D,95,121,121,28,6190,G27W1,25-30 months,22/28 months
DO_2D_4131_069w,DO-2D-4131,2D,91,69,69,16,6190,G27W1,13-18 months,8/10/16 months
DO_2D_4190_096w,DO-2D-4190,2D,127,96,96,22,6540,G28W2,19-24 months,22/28 months
DO_2D_4190_069w,DO-2D-4190,2D,125,69,69,16,6540,G28W2,13-18 months,8/10/16 months
DO_AL_0070_021w,DO-AL-0070,AL,46,21,21,5,4968,G24W1,<=5 months,5 months
DO_AL_0070_044w,DO-AL-0070,AL,48,44,44,10,4968,G24W1,6-12 months,8/10/16 months
DO_AL_0070_068w,DO-AL-0070,AL,50,68,69,16,4968,G24W1,13-18 months,8/10/16 months
DO_AL_0077_120w,DO-AL-0077,AL,54,120,121,28,4969,G24W1,25-30 months,22/28 months
DO_AL_0077_021w,DO-AL-0077,AL,46,21,21,5,4969,G24W1,<=5 months,5 months
DO_AL_0077_095w,DO-AL-0077,AL,52,95,96,22,4969,G24W1,19-24 months,22/28 months
DO_AL_0077_068w,DO-AL-0077,AL,50,68,69,16,4969,G24W1,13-18 months,8/10/16 months
DO_40_2045_121w,DO-40-2045,40,30,121,121,28,4109,G23W1,25-30 months,22/28 months
DO_40_2045_023w,DO-40-2045,40,19,23,21,5,4109,G23W1,<=5 months,5 months
DO_40_2045_069w,DO-40-2045,40,25,69,69,16,4109,G23W1,13-18 months,8/10/16 months
DO_40_2045_148w,DO-40-2045,40,31,148,148,34,4109,G23W1,>=31 months,34+months
DO_40_2045_096w,DO-40-2045,40,28,96,96,22,4109,G23W1,19-24 months,22/28 months
DO_40_2045_044w,DO-40-2045,40,23,44,44,10,4109,G23W1,6-12 months,8/10/16 months
DO_AL_0098_121w,DO-AL-0098,AL,81,121,121,28,5835,G26W1,25-30 months,22/28 months
DO_AL_0098_069w,DO-AL-0098,AL,72,69,69,16,5835,G26W1,13-18 months,8/10/16 months
DO_AL_0098_044w,DO-AL-0098,AL,70,44,44,10,5835,G26W1,6-12 months,8/10/16 months
DO_AL_0098_020w,DO-AL-0098,AL,67,20,21,5,5835,G26W1,<=5 months,5 months
DO_AL_0098_096w,DO-AL-0098,AL,74,96,96,22,5835,G26W1,19-24 months,22/28 months
DO_1D_3009_044w,DO-1D-3009,1D,2,44,44,10,3311,G22W1,6-12 months,8/10/16 months
DO_1D_3009_038w,DO-1D-3009,1D,4,38,35,8,3311,G22W1,6-12 months,8/10/16 months
DO_2D_4129_021w,DO-2D-4129,2D,85,21,21,5,6190,G27W1,<=5 months,5 months
DO_2D_4129_044w,DO-2D-4129,2D,88,44,44,10,6190,G27W1,6-12 months,8/10/16 months
DO_2D_4129_069w,DO-2D-4129,2D,91,69,69,16,6190,G27W1,13-18 months,8/10/16 months
DO_40_2048_121w,DO-40-2048,40,30,121,121,28,4109,G23W1,25-30 months,22/28 months
DO_40_2048_096w,DO-40-2048,40,28,96,96,22,4109,G23W1,19-24 months,22/28 months
DO_40_2048_069w,DO-40-2048,40,25,69,69,16,4109,G23W1,13-18 months,8/10/16 months
DO_40_2048_148w,DO-40-2048,40,31,148,148,34,4109,G23W1,>=31 months,34+months
DO_40_2048_044w,DO-40-2048,40,23,44,44,10,4109,G23W1,6-12 months,8/10/16 months
DO_1D_3088_022w,DO-1D-3088,1D,58,22,21,5,5093,G24W2,<=5 months,5 months
DO_AL_0180_122w,DO-AL-0180,AL,127,122,121,28,6531,G28W2,25-30 months,22/28 months
DO_AL_0180_069w,DO-AL-0180,AL,122,69,69,16,6531,G28W2,13-18 months,8/10/16 months
DO_AL_0180_148w,DO-AL-0180,AL,128,148,148,34,6531,G28W2,>=31 months,34+months
DO_AL_0180_096w,DO-AL-0180,AL,125,96,96,22,6531,G28W2,19-24 months,22/28 months
DO_AL_0180_021w,DO-AL-0180,AL,118,21,21,5,6531,G28W2,<=5 months,5 months
DO_1D_3134_069w,DO-1D-3134,1D,91,69,69,16,6188,G27W1,13-18 months,8/10/16 months
DO_1D_3134_121w,DO-1D-3134,1D,95,121,121,28,6188,G27W1,25-30 months,22/28 months
DO_1D_3134_021w,DO-1D-3134,1D,85,21,21,5,6188,G27W1,<=5 months,5 months
DO_1D_3134_148w,DO-1D-3134,1D,99,148,148,34,6188,G27W1,>=31 months,34+months
DO_AL_0017_043w,DO-AL-0017,AL,10,43,44,10,3389,G22W2,6-12 months,8/10/16 months
DO_AL_0118_175w,DO-AL-0118,AL,82,175,174,40,5878,G26W2,>=31 months,34+months
DO_AL_0118_096w,DO-AL-0118,AL,78,96,96,22,5878,G26W2,19-24 months,22/28 months
DO_AL_0118_120w,DO-AL-0118,AL,80,120,121,28,5878,G26W2,25-30 months,22/28 months
DO_AL_0118_069w,DO-AL-0118,AL,77,69,69,16,5878,G26W2,13-18 months,8/10/16 months
DO_AL_0118_148w,DO-AL-0118,AL,82,148,148,34,5878,G26W2,>=31 months,34+months
DO_AL_0118_021w,DO-AL-0118,AL,75,21,21,5,5878,G26W2,<=5 months,5 months
DO_AL_0118_044w,DO-AL-0118,AL,76,44,44,10,5878,G26W2,6-12 months,8/10/16 months
DO_2D_4065_044w,DO-2D-4065,2D,50,44,44,10,4978,G24W1,6-12 months,8/10/16 months
DO_20_1027_069w,DO-20-1027,20,12,69,69,16,3392,G22W2,13-18 months,8/10/16 months
DO_20_1027_148w,DO-20-1027,20,15,148,148,34,3392,G22W2,>=31 months,34+months
DO_20_1027_121w,DO-20-1027,20,15,121,121,28,3392,G22W2,25-30 months,22/28 months
DO_20_1027_043w,DO-20-1027,20,11,43,44,10,3392,G22W2,6-12 months,8/10/16 months
DO_AL_0002_097w,DO-AL-0002,AL,6,97,96,22,3297,G22W1,19-24 months,22/28 months
DO_AL_0002_038w,DO-AL-0002,AL,3,38,35,8,3297,G22W1,6-12 months,8/10/16 months
DO_AL_0002_069w,DO-AL-0002,AL,4,69,69,16,3297,G22W1,13-18 months,8/10/16 months
DO_AL_0002_044w,DO-AL-0002,AL,1,44,44,10,3297,G22W1,6-12 months,8/10/16 months
DO_40_2012_097w,DO-40-2012,40,6,97,96,22,3303,G22W1,19-24 months,22/28 months
DO_40_2012_038w,DO-40-2012,40,3,38,35,8,3303,G22W1,6-12 months,8/10/16 months
DO_40_2012_121w,DO-40-2012,40,6,121,121,28,3303,G22W1,25-30 months,22/28 months
DO_40_2012_044w,DO-40-2012,40,2,44,44,10,3303,G22W1,6-12 months,8/10/16 months
DO_40_2144_021w,DO-40-2144,40,85,21,21,5,6187,G27W1,<=5 months,5 months
DO_40_2144_069w,DO-40-2144,40,90,69,69,16,6187,G27W1,13-18 months,8/10/16 months
DO_40_2144_121w,DO-40-2144,40,95,121,121,28,6187,G27W1,25-30 months,22/28 months
DO_1D_3188_044w,DO-1D-3188,1D,121,44,44,10,6538,G28W2,6-12 months,8/10/16 months
DO_1D_3188_096w,DO-1D-3188,1D,126,96,96,22,6538,G28W2,19-24 months,22/28 months
DO_1D_3188_069w,DO-1D-3188,1D,124,69,69,16,6538,G28W2,13-18 months,8/10/16 months
DO_1D_3188_122w,DO-1D-3188,1D,127,122,121,28,6538,G28W2,25-30 months,22/28 months
DO_1D_3188_021w,DO-1D-3188,1D,120,21,21,5,6538,G28W2,<=5 months,5 months
DO_AL_0061_020w,DO-AL-0061,AL,32,20,21,5,4333,G23W2,<=5 months,5 months
DO_20_1114_096w,DO-20-1114,20,79,96,96,22,5880,G26W2,19-24 months,22/28 months
DO_20_1114_044w,DO-20-1114,20,77,44,44,10,5880,G26W2,6-12 months,8/10/16 months
DO_20_1114_021w,DO-20-1114,20,75,21,21,5,5880,G26W2,<=5 months,5 months
DO_40_2184_174w,DO-40-2184,40,129,174,174,40,6535,G28W2,>=31 months,34+months
DO_40_2184_148w,DO-40-2184,40,128,148,148,34,6535,G28W2,>=31 months,34+months
DO_40_2184_122w,DO-40-2184,40,127,122,121,28,6535,G28W2,25-30 months,22/28 months
DO_40_2184_021w,DO-40-2184,40,119,21,21,5,6535,G28W2,<=5 months,5 months
DO_40_2184_044w,DO-40-2184,40,121,44,44,10,6535,G28W2,6-12 months,8/10/16 months
DO_40_2183_174w,DO-40-2183,40,129,174,174,40,6535,G28W2,>=31 months,34+months
DO_40_2183_021w,DO-40-2183,40,119,21,21,5,6535,G28W2,<=5 months,5 months
DO_40_2183_122w,DO-40-2183,40,127,122,121,28,6535,G28W2,25-30 months,22/28 months
DO_2D_4132_044w,DO-2D-4132,2D,88,44,44,10,6190,G27W1,6-12 months,8/10/16 months
DO_2D_4132_148w,DO-2D-4132,2D,99,148,148,34,6190,G27W1,>=31 months,34+months
DO_2D_4039_096w,DO-2D-4039,2D,28,96,96,22,4114,G23W1,19-24 months,22/28 months
DO_2D_4039_121w,DO-2D-4039,2D,30,121,121,28,4114,G23W1,25-30 months,22/28 months
DO_2D_4039_148w,DO-2D-4039,2D,31,148,148,34,4114,G23W1,>=31 months,34+months
DO_2D_4039_069w,DO-2D-4039,2D,26,69,69,16,4114,G23W1,13-18 months,8/10/16 months
DO_40_2111_148w,DO-40-2111,40,74,148,148,34,5841,G26W1,>=31 months,34+months
DO_40_2111_173w,DO-40-2111,40,75,173,174,40,5841,G26W1,>=31 months,34+months
DO_40_2111_069w,DO-40-2111,40,73,69,69,16,5841,G26W1,13-18 months,8/10/16 months
DO_40_2111_096w,DO-40-2111,40,74,96,96,22,5841,G26W1,19-24 months,22/28 months
DO_40_2111_020w,DO-40-2111,40,69,20,21,5,5841,G26W1,<=5 months,5 months
DO_AL_0127_021w,DO-AL-0127,AL,75,21,21,5,5879,G26W2,<=5 months,5 months
DO_AL_0127_069w,DO-AL-0127,AL,78,69,69,16,5879,G26W2,13-18 months,8/10/16 months
DO_AL_0127_044w,DO-AL-0127,AL,77,44,44,10,5879,G26W2,6-12 months,8/10/16 months
DO_AL_0127_096w,DO-AL-0127,AL,78,96,96,22,5879,G26W2,19-24 months,22/28 months
DO_2D_4008_038w,DO-2D-4008,2D,4,38,35,8,3312,G22W1,6-12 months,8/10/16 months
DO_2D_4008_044w,DO-2D-4008,2D,2,44,44,10,3312,G22W1,6-12 months,8/10/16 months
DO_40_2036_044w,DO-40-2036,40,23,44,44,10,4108,G23W1,6-12 months,8/10/16 months
DO_40_2036_069w,DO-40-2036,40,25,69,69,16,4108,G23W1,13-18 months,8/10/16 months
DO_AL_0004_121w,DO-AL-0004,AL,6,121,121,28,3297,G22W1,25-30 months,22/28 months
DO_AL_0004_097w,DO-AL-0004,AL,6,97,96,22,3297,G22W1,19-24 months,22/28 months
DO_AL_0004_044w,DO-AL-0004,AL,1,44,44,10,3297,G22W1,6-12 months,8/10/16 months
DO_AL_0004_069w,DO-AL-0004,AL,4,69,69,16,3297,G22W1,13-18 months,8/10/16 months
DO_AL_0004_038w,DO-AL-0004,AL,3,38,35,8,3297,G22W1,6-12 months,8/10/16 months
DO_1D_3032_069w,DO-1D-3032,1D,13,69,69,16,3396,G22W2,13-18 months,8/10/16 months
DO_1D_3032_097w,DO-1D-3032,1D,14,97,96,22,3396,G22W2,19-24 months,22/28 months
DO_1D_3032_035w,DO-1D-3032,1D,10,35,35,8,3396,G22W2,6-12 months,8/10/16 months
DO_1D_3032_043w,DO-1D-3032,1D,11,43,44,10,3396,G22W2,6-12 months,8/10/16 months
DO_20_1173_121w,DO-20-1173,20,116,121,121,28,6472,G28W1,25-30 months,22/28 months
DO_20_1173_069w,DO-20-1173,20,114,69,69,16,6472,G28W1,13-18 months,8/10/16 months
DO_20_1173_021w,DO-20-1173,20,108,21,21,5,6472,G28W1,<=5 months,5 months
DO_20_1173_097w,DO-20-1173,20,115,97,96,22,6472,G28W1,19-24 months,22/28 months
DO_AL_0024_069w,DO-AL-0024,AL,12,69,69,16,3389,G22W2,13-18 months,8/10/16 months
DO_AL_0024_043w,DO-AL-0024,AL,10,43,44,10,3389,G22W2,6-12 months,8/10/16 months
DO_AL_0024_035w,DO-AL-0024,AL,9,35,35,8,3389,G22W2,6-12 months,8/10/16 months
DO_AL_0024_097w,DO-AL-0024,AL,13,97,96,22,3389,G22W2,19-24 months,22/28 months
DO_AL_0024_121w,DO-AL-0024,AL,15,121,121,28,3389,G22W2,25-30 months,22/28 months
DO_20_1148_096w,DO-20-1148,20,102,96,96,22,6303,G27W2,19-24 months,22/28 months
DO_20_1148_069w,DO-20-1148,20,100,69,69,16,6303,G27W2,13-18 months,8/10/16 months
DO_40_2140_069w,DO-40-2140,40,90,69,69,16,6187,G27W1,13-18 months,8/10/16 months
DO_40_2140_044w,DO-40-2140,40,87,44,44,10,6187,G27W1,6-12 months,8/10/16 months
DO_AL_0049_069w,DO-AL-0049,AL,37,69,69,16,4332,G23W2,13-18 months,8/10/16 months
DO_AL_0049_020w,DO-AL-0049,AL,32,20,21,5,4332,G23W2,<=5 months,5 months
DO_AL_0049_044w,DO-AL-0049,AL,35,44,44,10,4332,G23W2,6-12 months,8/10/16 months
DO_1D_3013_038w,DO-1D-3013,1D,4,38,35,8,3311,G22W1,6-12 months,8/10/16 months
DO_1D_3013_069w,DO-1D-3013,1D,5,69,69,16,3311,G22W1,13-18 months,8/10/16 months
DO_1D_3013_044w,DO-1D-3013,1D,2,44,44,10,3311,G22W1,6-12 months,8/10/16 months
DO_1D_3013_097w,DO-1D-3013,1D,6,97,96,22,3311,G22W1,19-24 months,22/28 months
DO_AL_0027_043w,DO-AL-0027,AL,10,43,44,10,3390,G22W2,6-12 months,8/10/16 months
DO_AL_0027_097w,DO-AL-0027,AL,13,97,96,22,3390,G22W2,19-24 months,22/28 months
DO_AL_0027_069w,DO-AL-0027,AL,12,69,69,16,3390,G22W2,13-18 months,8/10/16 months
DO_AL_0027_035w,DO-AL-0027,AL,9,35,35,8,3390,G22W2,6-12 months,8/10/16 months
DO_AL_0135_021w,DO-AL-0135,AL,83,21,21,5,6182,G27W1,<=5 months,5 months
DO_40_2001_043w,DO-40-2001,40,1,43,44,10,3302,G22W1,6-12 months,8/10/16 months
DO_40_2001_069w,DO-40-2001,40,5,69,69,16,3302,G22W1,13-18 months,8/10/16 months
DO_40_2001_038w,DO-40-2001,40,3,38,35,8,3302,G22W1,6-12 months,8/10/16 months
DO_40_2001_097w,DO-40-2001,40,6,97,96,22,3302,G22W1,19-24 months,22/28 months
DO_40_2001_121w,DO-40-2001,40,6,121,121,28,3302,G22W1,25-30 months,22/28 months
DO_AL_0172_021w,DO-AL-0172,AL,107,21,21,5,6470,G28W1,<=5 months,5 months
DO_AL_0172_069w,DO-AL-0172,AL,113,69,69,16,6470,G28W1,13-18 months,8/10/16 months
DO_AL_0172_148w,DO-AL-0172,AL,117,148,148,34,6470,G28W1,>=31 months,34+months
DO_AL_0172_097w,DO-AL-0172,AL,115,97,96,22,6470,G28W1,19-24 months,22/28 months
DO_AL_0172_121w,DO-AL-0172,AL,116,121,121,28,6470,G28W1,25-30 months,22/28 months
DO_AL_0172_044w,DO-AL-0172,AL,111,44,44,10,6470,G28W1,6-12 months,8/10/16 months
DO_AL_0109_020w,DO-AL-0109,AL,68,20,21,5,5837,G26W1,<=5 months,5 months
DO_AL_0109_044w,DO-AL-0109,AL,70,44,44,10,5837,G26W1,6-12 months,8/10/16 months
DO_AL_0032_069w,DO-AL-0032,AL,12,69,69,16,3390,G22W2,13-18 months,8/10/16 months
DO_AL_0032_035w,DO-AL-0032,AL,9,35,35,8,3390,G22W2,6-12 months,8/10/16 months
DO_1D_3113_044w,DO-1D-3113,1D,77,44,44,10,5884,G26W2,6-12 months,8/10/16 months
DO_1D_3113_069w,DO-1D-3113,1D,78,69,69,16,5884,G26W2,13-18 months,8/10/16 months
DO_1D_3113_021w,DO-1D-3113,1D,76,21,21,5,5884,G26W2,<=5 months,5 months
DO_2D_4115_069w,DO-2D-4115,2D,81,69,69,16,5886,G26W2,13-18 months,8/10/16 months
DO_2D_4115_044w,DO-2D-4115,2D,77,44,44,10,5886,G26W2,6-12 months,8/10/16 months
DO_2D_4115_096w,DO-2D-4115,2D,79,96,96,22,5886,G26W2,19-24 months,22/28 months
DO_2D_4115_021w,DO-2D-4115,2D,76,21,21,5,5886,G26W2,<=5 months,5 months
DO_2D_4091_044w,DO-2D-4091,2D,61,44,44,10,5096,G24W2,6-12 months,8/10/16 months
DO_2D_4091_096w,DO-2D-4091,2D,66,96,96,22,5096,G24W2,19-24 months,22/28 months
DO_2D_4091_069w,DO-2D-4091,2D,64,69,69,16,5096,G24W2,13-18 months,8/10/16 months
DO_2D_4070_021w,DO-2D-4070,2D,48,21,21,5,4978,G24W1,<=5 months,5 months
DO_2D_4070_068w,DO-2D-4070,2D,52,68,69,16,4978,G24W1,13-18 months,8/10/16 months
DO_20_1124_021w,DO-20-1124,20,75,21,21,5,5881,G26W2,<=5 months,5 months
DO_20_1124_120w,DO-20-1124,20,80,120,121,28,5881,G26W2,25-30 months,22/28 months
DO_20_1124_044w,DO-20-1124,20,77,44,44,10,5881,G26W2,6-12 months,8/10/16 months
DO_20_1124_148w,DO-20-1124,20,82,148,148,34,5881,G26W2,>=31 months,34+months
DO_20_1124_096w,DO-20-1124,20,79,96,96,22,5881,G26W2,19-24 months,22/28 months
DO_AL_0019_043w,DO-AL-0019,AL,10,43,44,10,3389,G22W2,6-12 months,8/10/16 months
DO_AL_0019_069w,DO-AL-0019,AL,12,69,69,16,3389,G22W2,13-18 months,8/10/16 months
DO_AL_0019_035w,DO-AL-0019,AL,9,35,35,8,3389,G22W2,6-12 months,8/10/16 months
DO_AL_0099_069w,DO-AL-0099,AL,72,69,69,16,5835,G26W1,13-18 months,8/10/16 months
DO_AL_0099_044w,DO-AL-0099,AL,70,44,44,10,5835,G26W1,6-12 months,8/10/16 months
DO_40_2005_097w,DO-40-2005,40,6,97,96,22,3302,G22W1,19-24 months,22/28 months
DO_40_2005_044w,DO-40-2005,40,1,44,44,10,3302,G22W1,6-12 months,8/10/16 months
DO_40_2005_069w,DO-40-2005,40,5,69,69,16,3302,G22W1,13-18 months,8/10/16 months
DO_40_2005_038w,DO-40-2005,40,3,38,35,8,3302,G22W1,6-12 months,8/10/16 months
DO_40_2149_096w,DO-40-2149,40,102,96,96,22,6305,G27W2,19-24 months,22/28 months
DO_40_2149_121w,DO-40-2149,40,105,121,121,28,6305,G27W2,25-30 months,22/28 months
DO_40_2149_069w,DO-40-2149,40,101,69,69,16,6305,G27W2,13-18 months,8/10/16 months
DO_40_2149_148w,DO-40-2149,40,106,148,148,34,6305,G27W2,>=31 months,34+months
DO_20_1009_069w,DO-20-1009,20,5,69,69,16,3300,G22W1,13-18 months,8/10/16 months
DO_20_1009_097w,DO-20-1009,20,6,97,96,22,3300,G22W1,19-24 months,22/28 months
DO_20_1009_044w,DO-20-1009,20,1,44,44,10,3300,G22W1,6-12 months,8/10/16 months
DO_2D_4032_121w,DO-2D-4032,2D,15,121,121,28,3398,G22W2,25-30 months,22/28 months
DO_2D_4032_097w,DO-2D-4032,2D,14,97,96,22,3398,G22W2,19-24 months,22/28 months
DO_2D_4032_148w,DO-2D-4032,2D,16,148,148,34,3398,G22W2,>=31 months,34+months
DO_2D_4032_035w,DO-2D-4032,2D,10,35,35,8,3398,G22W2,6-12 months,8/10/16 months
DO_2D_4032_069w,DO-2D-4032,2D,13,69,69,16,3398,G22W2,13-18 months,8/10/16 months
DO_2D_4032_043w,DO-2D-4032,2D,12,43,44,10,3398,G22W2,6-12 months,8/10/16 months
DO_2D_4061_096w,DO-2D-4061,2D,43,96,96,22,4336,G23W2,19-24 months,22/28 months
DO_2D_4061_020w,DO-2D-4061,2D,35,20,21,5,4336,G23W2,<=5 months,5 months
DO_2D_4018_035w,DO-2D-4018,2D,10,35,35,8,3397,G22W2,6-12 months,8/10/16 months
DO_2D_4018_043w,DO-2D-4018,2D,11,43,44,10,3397,G22W2,6-12 months,8/10/16 months
DO_2D_4018_097w,DO-2D-4018,2D,14,97,96,22,3397,G22W2,19-24 months,22/28 months
DO_2D_4018_069w,DO-2D-4018,2D,13,69,69,16,3397,G22W2,13-18 months,8/10/16 months
DO_20_1138_044w,DO-20-1138,20,86,44,44,10,6185,G27W1,6-12 months,8/10/16 months
DO_20_1138_021w,DO-20-1138,20,84,21,21,5,6185,G27W1,<=5 months,5 months
DO_20_1138_069w,DO-20-1138,20,89,69,69,16,6185,G27W1,13-18 months,8/10/16 months
DO_AL_0170_044w,DO-AL-0170,AL,111,44,44,10,6470,G28W1,6-12 months,8/10/16 months
DO_AL_0170_021w,DO-AL-0170,AL,107,21,21,5,6470,G28W1,<=5 months,5 months
DO_1D_3018_097w,DO-1D-3018,1D,14,97,96,22,3395,G22W2,19-24 months,22/28 months
DO_1D_3018_069w,DO-1D-3018,1D,12,69,69,16,3395,G22W2,13-18 months,8/10/16 months
DO_1D_3018_035w,DO-1D-3018,1D,9,35,35,8,3395,G22W2,6-12 months,8/10/16 months
DO_40_2039_069w,DO-40-2039,40,25,69,69,16,4108,G23W1,13-18 months,8/10/16 months
DO_40_2039_174w,DO-40-2039,40,32,174,174,40,4108,G23W1,>=31 months,34+months
DO_40_2039_044w,DO-40-2039,40,23,44,44,10,4108,G23W1,6-12 months,8/10/16 months
DO_40_2039_148w,DO-40-2039,40,31,148,148,34,4108,G23W1,>=31 months,34+months
DO_40_2039_096w,DO-40-2039,40,27,96,96,22,4108,G23W1,19-24 months,22/28 months
DO_40_2039_023w,DO-40-2039,40,18,23,21,5,4108,G23W1,<=5 months,5 months
DO_AL_0073_021w,DO-AL-0073,AL,46,21,21,5,4969,G24W1,<=5 months,5 months
DO_AL_0073_044w,DO-AL-0073,AL,48,44,44,10,4969,G24W1,6-12 months,8/10/16 months
DO_20_1035_069w,DO-20-1035,20,25,69,69,16,4106,G23W1,13-18 months,8/10/16 months
DO_20_1035_023w,DO-20-1035,20,17,23,21,5,4106,G23W1,<=5 months,5 months
DO_20_1035_044w,DO-20-1035,20,22,44,44,10,4106,G23W1,6-12 months,8/10/16 months
DO_40_2083_096w,DO-40-2083,40,66,96,96,22,5085,G24W2,19-24 months,22/28 months
DO_40_2083_069w,DO-40-2083,40,63,69,69,16,5085,G24W2,13-18 months,8/10/16 months
DO_40_2083_022w,DO-40-2083,40,57,22,21,5,5085,G24W2,<=5 months,5 months
DO_1D_3180_096w,DO-1D-3180,1D,126,96,96,22,6537,G28W2,19-24 months,22/28 months
DO_1D_3180_044w,DO-1D-3180,1D,121,44,44,10,6537,G28W2,6-12 months,8/10/16 months
DO_1D_3180_122w,DO-1D-3180,1D,127,122,121,28,6537,G28W2,25-30 months,22/28 months
DO_1D_3180_021w,DO-1D-3180,1D,120,21,21,5,6537,G28W2,<=5 months,5 months
DO_40_2143_121w,DO-40-2143,40,95,121,121,28,6187,G27W1,25-30 months,22/28 months
DO_40_2143_021w,DO-40-2143,40,85,21,21,5,6187,G27W1,<=5 months,5 months
DO_40_2143_044w,DO-40-2143,40,87,44,44,10,6187,G27W1,6-12 months,8/10/16 months
DO_AL_0053_121w,DO-AL-0053,AL,43,121,121,28,4332,G23W2,25-30 months,22/28 months
DO_AL_0053_096w,DO-AL-0053,AL,41,96,96,22,4332,G23W2,19-24 months,22/28 months
DO_AL_0053_069w,DO-AL-0053,AL,38,69,69,16,4332,G23W2,13-18 months,8/10/16 months
DO_AL_0053_044w,DO-AL-0053,AL,35,44,44,10,4332,G23W2,6-12 months,8/10/16 months
DO_AL_0053_020w,DO-AL-0053,AL,32,20,21,5,4332,G23W2,<=5 months,5 months
DO_40_2165_021w,DO-40-2165,40,108,21,21,5,6473,G28W1,<=5 months,5 months
DO_40_2165_044w,DO-40-2165,40,112,44,44,10,6473,G28W1,6-12 months,8/10/16 months
DO_40_2165_097w,DO-40-2165,40,115,97,96,22,6473,G28W1,19-24 months,22/28 months
DO_40_2165_069w,DO-40-2165,40,114,69,69,16,6473,G28W1,13-18 months,8/10/16 months
DO_20_1011_038w,DO-20-1011,20,3,38,35,8,3300,G22W1,6-12 months,8/10/16 months
DO_20_1011_044w,DO-20-1011,20,1,44,44,10,3300,G22W1,6-12 months,8/10/16 months
DO_20_1011_097w,DO-20-1011,20,6,97,96,22,3300,G22W1,19-24 months,22/28 months
DO_20_1011_069w,DO-20-1011,20,5,69,69,16,3300,G22W1,13-18 months,8/10/16 months
DO_2D_4066_021w,DO-2D-4066,2D,48,21,21,5,4978,G24W1,<=5 months,5 months
DO_2D_4066_068w,DO-2D-4066,2D,52,68,69,16,4978,G24W1,13-18 months,8/10/16 months
DO_2D_4066_044w,DO-2D-4066,2D,50,44,44,10,4978,G24W1,6-12 months,8/10/16 months
DO_20_1099_044w,DO-20-1099,20,70,44,44,10,5836,G26W1,6-12 months,8/10/16 months
DO_20_1099_121w,DO-20-1099,20,81,121,121,28,5836,G26W1,25-30 months,22/28 months
DO_20_1099_069w,DO-20-1099,20,72,69,69,16,5836,G26W1,13-18 months,8/10/16 months
DO_AL_0122_044w,DO-AL-0122,AL,77,44,44,10,5879,G26W2,6-12 months,8/10/16 months
DO_AL_0122_120w,DO-AL-0122,AL,80,120,121,28,5879,G26W2,25-30 months,22/28 months
DO_AL_0122_069w,DO-AL-0122,AL,78,69,69,16,5879,G26W2,13-18 months,8/10/16 months
DO_AL_0122_096w,DO-AL-0122,AL,78,96,96,22,5879,G26W2,19-24 months,22/28 months
DO_AL_0122_021w,DO-AL-0122,AL,75,21,21,5,5879,G26W2,<=5 months,5 months
DO_AL_0003_121w,DO-AL-0003,AL,6,121,121,28,3297,G22W1,25-30 months,22/28 months
DO_AL_0003_044w,DO-AL-0003,AL,1,44,44,10,3297,G22W1,6-12 months,8/10/16 months
DO_AL_0003_097w,DO-AL-0003,AL,6,97,96,22,3297,G22W1,19-24 months,22/28 months
DO_AL_0003_069w,DO-AL-0003,AL,4,69,69,16,3297,G22W1,13-18 months,8/10/16 months
DO_2D_4184_122w,DO-2D-4184,2D,127,122,121,28,6539,G28W2,25-30 months,22/28 months
DO_2D_4184_069w,DO-2D-4184,2D,125,69,69,16,6539,G28W2,13-18 months,8/10/16 months
DO_2D_4184_044w,DO-2D-4184,2D,122,44,44,10,6539,G28W2,6-12 months,8/10/16 months
DO_2D_4184_148w,DO-2D-4184,2D,128,148,148,34,6539,G28W2,>=31 months,34+months
DO_2D_4184_096w,DO-2D-4184,2D,126,96,96,22,6539,G28W2,19-24 months,22/28 months
DO_2D_4184_021w,DO-2D-4184,2D,120,21,21,5,6539,G28W2,<=5 months,5 months
DO_AL_0034_023w,DO-AL-0034,AL,17,23,21,5,4104,G23W1,<=5 months,5 months
DO_20_1087_096w,DO-20-1087,20,66,96,96,22,5078,G24W2,19-24 months,22/28 months
DO_20_1087_069w,DO-20-1087,20,62,69,69,16,5078,G24W2,13-18 months,8/10/16 months
DO_20_1087_148w,DO-20-1087,20,67,148,148,34,5078,G24W2,>=31 months,34+months
DO_40_2177_021w,DO-40-2177,40,119,21,21,5,6535,G28W2,<=5 months,5 months
DO_40_2177_044w,DO-40-2177,40,121,44,44,10,6535,G28W2,6-12 months,8/10/16 months
DO_2D_4045_069w,DO-2D-4045,2D,26,69,69,16,4115,G23W1,13-18 months,8/10/16 months
DO_2D_4045_096w,DO-2D-4045,2D,29,96,96,22,4115,G23W1,19-24 months,22/28 months
DO_1D_3112_069w,DO-1D-3112,1D,73,69,69,16,5843,G26W1,13-18 months,8/10/16 months
DO_1D_3112_121w,DO-1D-3112,1D,81,121,121,28,5843,G26W1,25-30 months,22/28 months
DO_20_1122_044w,DO-20-1122,20,77,44,44,10,5881,G26W2,6-12 months,8/10/16 months
DO_20_1122_096w,DO-20-1122,20,79,96,96,22,5881,G26W2,19-24 months,22/28 months
DO_20_1122_021w,DO-20-1122,20,75,21,21,5,5881,G26W2,<=5 months,5 months
DO_20_1122_120w,DO-20-1122,20,80,120,121,28,5881,G26W2,25-30 months,22/28 months
DO_40_2178_021w,DO-40-2178,40,119,21,21,5,6535,G28W2,<=5 months,5 months
DO_40_2178_069w,DO-40-2178,40,123,69,69,16,6535,G28W2,13-18 months,8/10/16 months
DO_20_1069_021w,DO-20-1069,20,46,21,21,5,4972,G24W1,<=5 months,5 months
DO_20_1069_175w,DO-20-1069,20,56,175,174,40,4972,G24W1,>=31 months,34+months
DO_20_1069_120w,DO-20-1069,20,54,120,121,28,4972,G24W1,25-30 months,22/28 months
DO_20_1069_068w,DO-20-1069,20,50,68,69,16,4972,G24W1,13-18 months,8/10/16 months
DO_20_1069_149w,DO-20-1069,20,56,149,148,34,4972,G24W1,>=31 months,34+months
DO_20_1162_044w,DO-20-1162,20,111,44,44,10,6471,G28W1,6-12 months,8/10/16 months
DO_20_1162_021w,DO-20-1162,20,108,21,21,5,6471,G28W1,<=5 months,5 months
DO_AL_0018_069w,DO-AL-0018,AL,12,69,69,16,3389,G22W2,13-18 months,8/10/16 months
DO_AL_0018_035w,DO-AL-0018,AL,9,35,35,8,3389,G22W2,6-12 months,8/10/16 months
DO_AL_0018_043w,DO-AL-0018,AL,10,43,44,10,3389,G22W2,6-12 months,8/10/16 months
DO_AL_0018_097w,DO-AL-0018,AL,13,97,96,22,3389,G22W2,19-24 months,22/28 months
DO_20_1038_044w,DO-20-1038,20,22,44,44,10,4106,G23W1,6-12 months,8/10/16 months
DO_20_1038_023w,DO-20-1038,20,17,23,21,5,4106,G23W1,<=5 months,5 months
DO_40_2071_095w,DO-40-2071,40,53,95,96,22,4974,G24W1,19-24 months,22/28 months
DO_40_2071_021w,DO-40-2071,40,47,21,21,5,4974,G24W1,<=5 months,5 months
DO_AL_0072_021w,DO-AL-0072,AL,46,21,21,5,4968,G24W1,<=5 months,5 months
DO_AL_0072_095w,DO-AL-0072,AL,52,95,96,22,4968,G24W1,19-24 months,22/28 months
DO_AL_0072_044w,DO-AL-0072,AL,48,44,44,10,4968,G24W1,6-12 months,8/10/16 months
DO_20_1183_122w,DO-20-1183,20,127,122,121,28,6533,G28W2,25-30 months,22/28 months
DO_20_1183_096w,DO-20-1183,20,126,96,96,22,6533,G28W2,19-24 months,22/28 months
DO_20_1183_044w,DO-20-1183,20,121,44,44,10,6533,G28W2,6-12 months,8/10/16 months
DO_20_1183_021w,DO-20-1183,20,118,21,21,5,6533,G28W2,<=5 months,5 months
DO_20_1183_148w,DO-20-1183,20,128,148,148,34,6533,G28W2,>=31 months,34+months
DO_20_1082_069w,DO-20-1082,20,62,69,69,16,5078,G24W2,13-18 months,8/10/16 months
DO_20_1082_022w,DO-20-1082,20,57,22,21,5,5078,G24W2,<=5 months,5 months
DO_20_1082_121w,DO-20-1082,20,66,121,121,28,5078,G24W2,25-30 months,22/28 months
DO_20_1082_096w,DO-20-1082,20,66,96,96,22,5078,G24W2,19-24 months,22/28 months
DO_20_1034_069w,DO-20-1034,20,25,69,69,16,4106,G23W1,13-18 months,8/10/16 months
DO_20_1034_044w,DO-20-1034,20,22,44,44,10,4106,G23W1,6-12 months,8/10/16 months
DO_20_1034_121w,DO-20-1034,20,29,121,121,28,4106,G23W1,25-30 months,22/28 months
DO_20_1034_023w,DO-20-1034,20,17,23,21,5,4106,G23W1,<=5 months,5 months
DO_20_1034_096w,DO-20-1034,20,27,96,96,22,4106,G23W1,19-24 months,22/28 months
DO_20_1017_043w,DO-20-1017,20,10,43,44,10,3391,G22W2,6-12 months,8/10/16 months
DO_20_1017_069w,DO-20-1017,20,12,69,69,16,3391,G22W2,13-18 months,8/10/16 months
DO_20_1017_035w,DO-20-1017,20,9,35,35,8,3391,G22W2,6-12 months,8/10/16 months
DO_20_1017_097w,DO-20-1017,20,13,97,96,22,3391,G22W2,19-24 months,22/28 months
DO_AL_0096_069w,DO-AL-0096,AL,62,69,69,16,5077,G24W2,13-18 months,8/10/16 months
DO_AL_0096_022w,DO-AL-0096,AL,57,22,21,5,5077,G24W2,<=5 months,5 months
DO_AL_0146_021w,DO-AL-0146,AL,93,21,21,5,6301,G27W2,<=5 months,5 months
DO_40_2160_096w,DO-40-2160,40,103,96,96,22,6306,G27W2,19-24 months,22/28 months
DO_40_2160_044w,DO-40-2160,40,99,44,44,10,6306,G27W2,6-12 months,8/10/16 months
DO_40_2160_121w,DO-40-2160,40,105,121,121,28,6306,G27W2,25-30 months,22/28 months
DO_40_2160_021w,DO-40-2160,40,97,21,21,5,6306,G27W2,<=5 months,5 months
DO_40_2160_069w,DO-40-2160,40,101,69,69,16,6306,G27W2,13-18 months,8/10/16 months
DO_1D_3106_069w,DO-1D-3106,1D,73,69,69,16,5843,G26W1,13-18 months,8/10/16 months
DO_1D_3106_044w,DO-1D-3106,1D,71,44,44,10,5843,G26W1,6-12 months,8/10/16 months
DO_1D_3052_121w,DO-1D-3052,1D,45,121,121,28,4340,G23W2,25-30 months,22/28 months
DO_1D_3052_069w,DO-1D-3052,1D,39,69,69,16,4340,G23W2,13-18 months,8/10/16 months
DO_1D_3035_096w,DO-1D-3035,1D,28,96,96,22,4112,G23W1,19-24 months,22/28 months
DO_1D_3035_023w,DO-1D-3035,1D,19,23,21,5,4112,G23W1,<=5 months,5 months
DO_1D_3035_069w,DO-1D-3035,1D,25,69,69,16,4112,G23W1,13-18 months,8/10/16 months
DO_1D_3035_044w,DO-1D-3035,1D,23,44,44,10,4112,G23W1,6-12 months,8/10/16 months
DO_2D_4003_044w,DO-2D-4003,2D,2,44,44,10,3312,G22W1,6-12 months,8/10/16 months
DO_2D_4003_097w,DO-2D-4003,2D,6,97,96,22,3312,G22W1,19-24 months,22/28 months
DO_2D_4003_069w,DO-2D-4003,2D,5,69,69,16,3312,G22W1,13-18 months,8/10/16 months
DO_2D_4003_038w,DO-2D-4003,2D,4,38,35,8,3312,G22W1,6-12 months,8/10/16 months
DO_2D_4003_148w,DO-2D-4003,2D,7,148,148,34,3312,G22W1,>=31 months,34+months
DO_2D_4003_121w,DO-2D-4003,2D,6,121,121,28,3312,G22W1,25-30 months,22/28 months
DO_2D_4002_148w,DO-2D-4002,2D,7,148,148,34,3312,G22W1,>=31 months,34+months
DO_2D_4002_097w,DO-2D-4002,2D,6,97,96,22,3312,G22W1,19-24 months,22/28 months
DO_2D_4002_038w,DO-2D-4002,2D,4,38,35,8,3312,G22W1,6-12 months,8/10/16 months
DO_2D_4002_174w,DO-2D-4002,2D,7,174,174,40,3312,G22W1,>=31 months,34+months
DO_2D_4002_044w,DO-2D-4002,2D,2,44,44,10,3312,G22W1,6-12 months,8/10/16 months
DO_2D_4002_069w,DO-2D-4002,2D,5,69,69,16,3312,G22W1,13-18 months,8/10/16 months
DO_2D_4002_121w,DO-2D-4002,2D,6,121,121,28,3312,G22W1,25-30 months,22/28 months
DO_40_2125_148w,DO-40-2125,40,82,148,148,34,5883,G26W2,>=31 months,34+months
DO_40_2125_021w,DO-40-2125,40,76,21,21,5,5883,G26W2,<=5 months,5 months
DO_40_2125_096w,DO-40-2125,40,81,96,96,22,5883,G26W2,19-24 months,22/28 months
DO_40_2125_069w,DO-40-2125,40,78,69,69,16,5883,G26W2,13-18 months,8/10/16 months
DO_40_2125_044w,DO-40-2125,40,77,44,44,10,5883,G26W2,6-12 months,8/10/16 months
DO_40_2125_120w,DO-40-2125,40,80,120,121,28,5883,G26W2,25-30 months,22/28 months
DO_40_2074_068w,DO-40-2074,40,51,68,69,16,4975,G24W1,13-18 months,8/10/16 months
DO_40_2074_095w,DO-40-2074,40,53,95,96,22,4975,G24W1,19-24 months,22/28 months
DO_40_2074_021w,DO-40-2074,40,47,21,21,5,4975,G24W1,<=5 months,5 months
DO_20_1134_044w,DO-20-1134,20,86,44,44,10,6184,G27W1,6-12 months,8/10/16 months
DO_20_1134_096w,DO-20-1134,20,92,96,96,22,6184,G27W1,19-24 months,22/28 months
DO_AL_0041_044w,DO-AL-0041,AL,22,44,44,10,4105,G23W1,6-12 months,8/10/16 months
DO_AL_0041_096w,DO-AL-0041,AL,26,96,96,22,4105,G23W1,19-24 months,22/28 months
DO_AL_0041_069w,DO-AL-0041,AL,25,69,69,16,4105,G23W1,13-18 months,8/10/16 months
DO_40_2191_044w,DO-40-2191,40,121,44,44,10,6536,G28W2,6-12 months,8/10/16 months
DO_40_2191_021w,DO-40-2191,40,119,21,21,5,6536,G28W2,<=5 months,5 months
DO_40_2191_069w,DO-40-2191,40,124,69,69,16,6536,G28W2,13-18 months,8/10/16 months
DO_40_2073_068w,DO-40-2073,40,51,68,69,16,4975,G24W1,13-18 months,8/10/16 months
DO_40_2073_120w,DO-40-2073,40,55,120,121,28,4975,G24W1,25-30 months,22/28 months
DO_40_2073_174w,DO-40-2073,40,56,174,174,40,4975,G24W1,>=31 months,34+months
DO_40_2073_021w,DO-40-2073,40,47,21,21,5,4975,G24W1,<=5 months,5 months
DO_40_2073_095w,DO-40-2073,40,53,95,96,22,4975,G24W1,19-24 months,22/28 months
DO_1D_3046_044w,DO-1D-3046,1D,24,44,44,10,4113,G23W1,6-12 months,8/10/16 months
DO_1D_3046_023w,DO-1D-3046,1D,19,23,21,5,4113,G23W1,<=5 months,5 months
DO_2D_4022_043w,DO-2D-4022,2D,11,43,44,10,3397,G22W2,6-12 months,8/10/16 months
DO_2D_4022_121w,DO-2D-4022,2D,15,121,121,28,3397,G22W2,25-30 months,22/28 months
DO_2D_4022_035w,DO-2D-4022,2D,10,35,35,8,3397,G22W2,6-12 months,8/10/16 months
DO_2D_4022_097w,DO-2D-4022,2D,14,97,96,22,3397,G22W2,19-24 months,22/28 months
DO_2D_4087_043w,DO-2D-4087,2D,61,43,44,10,5095,G24W2,6-12 months,8/10/16 months
DO_2D_4087_068w,DO-2D-4087,2D,64,68,69,16,5095,G24W2,13-18 months,8/10/16 months
DO_2D_4089_069w,DO-2D-4089,2D,64,69,69,16,5096,G24W2,13-18 months,8/10/16 months
DO_2D_4089_121w,DO-2D-4089,2D,67,121,121,28,5096,G24W2,25-30 months,22/28 months
DO_2D_4089_096w,DO-2D-4089,2D,66,96,96,22,5096,G24W2,19-24 months,22/28 months
DO_2D_4189_069w,DO-2D-4189,2D,125,69,69,16,6540,G28W2,13-18 months,8/10/16 months
DO_20_1136_069w,DO-20-1136,20,89,69,69,16,6184,G27W1,13-18 months,8/10/16 months
DO_20_1136_044w,DO-20-1136,20,86,44,44,10,6184,G27W1,6-12 months,8/10/16 months
DO_20_1136_121w,DO-20-1136,20,94,121,121,28,6184,G27W1,25-30 months,22/28 months
DO_20_1136_096w,DO-20-1136,20,92,96,96,22,6184,G27W1,19-24 months,22/28 months
DO_20_1136_021w,DO-20-1136,20,84,21,21,5,6184,G27W1,<=5 months,5 months
DO_20_1136_174w,DO-20-1136,20,129,174,174,40,6184,G27W1,>=31 months,34+months
DO_40_2133_021w,DO-40-2133,40,84,21,21,5,6186,G27W1,<=5 months,5 months
DO_40_2133_096w,DO-40-2133,40,92,96,96,22,6186,G27W1,19-24 months,22/28 months
DO_40_2133_069w,DO-40-2133,40,90,69,69,16,6186,G27W1,13-18 months,8/10/16 months
DO_40_2076_068w,DO-40-2076,40,51,68,69,16,4975,G24W1,13-18 months,8/10/16 months
DO_40_2076_021w,DO-40-2076,40,47,21,21,5,4975,G24W1,<=5 months,5 months
DO_40_2076_095w,DO-40-2076,40,53,95,96,22,4975,G24W1,19-24 months,22/28 months
DO_20_1110_096w,DO-20-1110,20,74,96,96,22,5838,G26W1,19-24 months,22/28 months
DO_20_1110_020w,DO-20-1110,20,68,20,21,5,5838,G26W1,<=5 months,5 months
DO_20_1110_069w,DO-20-1110,20,72,69,69,16,5838,G26W1,13-18 months,8/10/16 months
DO_20_1110_044w,DO-20-1110,20,70,44,44,10,5838,G26W1,6-12 months,8/10/16 months
DO_20_1059_121w,DO-20-1059,20,44,121,121,28,4337,G23W2,25-30 months,22/28 months
DO_20_1059_020w,DO-20-1059,20,33,20,21,5,4337,G23W2,<=5 months,5 months
DO_40_2128_044w,DO-40-2128,40,77,44,44,10,5883,G26W2,6-12 months,8/10/16 months
DO_40_2128_069w,DO-40-2128,40,78,69,69,16,5883,G26W2,13-18 months,8/10/16 months
DO_40_2128_021w,DO-40-2128,40,76,21,21,5,5883,G26W2,<=5 months,5 months
DO_AL_0156_044w,DO-AL-0156,AL,98,44,44,10,6302,G27W2,6-12 months,8/10/16 months
DO_20_1052_020w,DO-20-1052,20,33,20,21,5,4335,G23W2,<=5 months,5 months
DO_1D_3087_069w,DO-1D-3087,1D,63,69,69,16,5093,G24W2,13-18 months,8/10/16 months
DO_1D_3087_022w,DO-1D-3087,1D,58,22,21,5,5093,G24W2,<=5 months,5 months
DO_AL_0060_096w,DO-AL-0060,AL,41,96,96,22,4333,G23W2,19-24 months,22/28 months
DO_AL_0060_121w,DO-AL-0060,AL,44,121,121,28,4333,G23W2,25-30 months,22/28 months
DO_AL_0060_069w,DO-AL-0060,AL,38,69,69,16,4333,G23W2,13-18 months,8/10/16 months
DO_AL_0060_020w,DO-AL-0060,AL,32,20,21,5,4333,G23W2,<=5 months,5 months
DO_AL_0076_095w,DO-AL-0076,AL,52,95,96,22,4969,G24W1,19-24 months,22/28 months
DO_AL_0076_068w,DO-AL-0076,AL,50,68,69,16,4969,G24W1,13-18 months,8/10/16 months
DO_AL_0076_021w,DO-AL-0076,AL,46,21,21,5,4969,G24W1,<=5 months,5 months
DO_1D_3189_069w,DO-1D-3189,1D,124,69,69,16,6538,G28W2,13-18 months,8/10/16 months
DO_1D_3189_021w,DO-1D-3189,1D,120,21,21,5,6538,G28W2,<=5 months,5 months
DO_1D_3189_122w,DO-1D-3189,1D,127,122,121,28,6538,G28W2,25-30 months,22/28 months
DO_1D_3189_096w,DO-1D-3189,1D,126,96,96,22,6538,G28W2,19-24 months,22/28 months
DO_1D_3189_044w,DO-1D-3189,1D,121,44,44,10,6538,G28W2,6-12 months,8/10/16 months
DO_2D_4034_096w,DO-2D-4034,2D,28,96,96,22,4114,G23W1,19-24 months,22/28 months
DO_2D_4034_069w,DO-2D-4034,2D,26,69,69,16,4114,G23W1,13-18 months,8/10/16 months
DO_2D_4034_121w,DO-2D-4034,2D,30,121,121,28,4114,G23W1,25-30 months,22/28 months
DO_AL_0182_069w,DO-AL-0182,AL,122,69,69,16,6531,G28W2,13-18 months,8/10/16 months
DO_AL_0182_021w,DO-AL-0182,AL,118,21,21,5,6531,G28W2,<=5 months,5 months
DO_AL_0181_021w,DO-AL-0181,AL,118,21,21,5,6531,G28W2,<=5 months,5 months
DO_AL_0181_122w,DO-AL-0181,AL,127,122,121,28,6531,G28W2,25-30 months,22/28 months
DO_AL_0181_096w,DO-AL-0181,AL,125,96,96,22,6531,G28W2,19-24 months,22/28 months
DO_AL_0181_069w,DO-AL-0181,AL,122,69,69,16,6531,G28W2,13-18 months,8/10/16 months
DO_40_2109_020w,DO-40-2109,40,69,20,21,5,5841,G26W1,<=5 months,5 months
DO_40_2085_096w,DO-40-2085,40,66,96,96,22,5085,G24W2,19-24 months,22/28 months
DO_40_2085_044w,DO-40-2085,40,60,44,44,10,5085,G24W2,6-12 months,8/10/16 months
DO_40_2085_121w,DO-40-2085,40,66,121,121,28,5085,G24W2,25-30 months,22/28 months
DO_2D_4013_038w,DO-2D-4013,2D,4,38,35,8,3313,G22W1,6-12 months,8/10/16 months
DO_2D_4013_044w,DO-2D-4013,2D,2,44,44,10,3313,G22W1,6-12 months,8/10/16 months
DO_2D_4013_069w,DO-2D-4013,2D,5,69,69,16,3313,G22W1,13-18 months,8/10/16 months
DO_1D_3075_068w,DO-1D-3075,1D,52,68,69,16,4977,G24W1,13-18 months,8/10/16 months
DO_1D_3075_095w,DO-1D-3075,1D,54,95,96,22,4977,G24W1,19-24 months,22/28 months
DO_1D_3075_021w,DO-1D-3075,1D,48,21,21,5,4977,G24W1,<=5 months,5 months
DO_1D_3075_148w,DO-1D-3075,1D,56,148,148,34,4977,G24W1,>=31 months,34+months
DO_40_2078_095w,DO-40-2078,40,53,95,96,22,4975,G24W1,19-24 months,22/28 months
DO_40_2078_148w,DO-40-2078,40,56,148,148,34,4975,G24W1,>=31 months,34+months
DO_40_2078_021w,DO-40-2078,40,47,21,21,5,4975,G24W1,<=5 months,5 months
DO_1D_3085_069w,DO-1D-3085,1D,63,69,69,16,5093,G24W2,13-18 months,8/10/16 months
DO_20_1089_022w,DO-20-1089,20,57,22,21,5,5082,G24W2,<=5 months,5 months
DO_20_1089_096w,DO-20-1089,20,66,96,96,22,5082,G24W2,19-24 months,22/28 months
DO_20_1089_069w,DO-20-1089,20,62,69,69,16,5082,G24W2,13-18 months,8/10/16 months
DO_1D_3072_021w,DO-1D-3072,1D,47,21,21,5,4976,G24W1,<=5 months,5 months
DO_1D_3072_174w,DO-1D-3072,1D,56,174,174,40,4976,G24W1,>=31 months,34+months
DO_1D_3072_095w,DO-1D-3072,1D,53,95,96,22,4976,G24W1,19-24 months,22/28 months
DO_1D_3072_148w,DO-1D-3072,1D,56,148,148,34,4976,G24W1,>=31 months,34+months
DO_1D_3072_120w,DO-1D-3072,1D,55,120,121,28,4976,G24W1,25-30 months,22/28 months
DO_1D_3029_035w,DO-1D-3029,1D,10,35,35,8,3396,G22W2,6-12 months,8/10/16 months
DO_1D_3029_043w,DO-1D-3029,1D,11,43,44,10,3396,G22W2,6-12 months,8/10/16 months
DO_1D_3029_097w,DO-1D-3029,1D,14,97,96,22,3396,G22W2,19-24 months,22/28 months
DO_1D_3029_069w,DO-1D-3029,1D,13,69,69,16,3396,G22W2,13-18 months,8/10/16 months
DO_40_2096_022w,DO-40-2096,40,58,22,21,5,5087,G24W2,<=5 months,5 months
DO_40_2096_096w,DO-40-2096,40,65,96,96,22,5087,G24W2,19-24 months,22/28 months
DO_40_2096_121w,DO-40-2096,40,67,121,121,28,5087,G24W2,25-30 months,22/28 months
DO_40_2096_069w,DO-40-2096,40,63,69,69,16,5087,G24W2,13-18 months,8/10/16 months
DO_40_2053_069w,DO-40-2053,40,39,69,69,16,4338,G23W2,13-18 months,8/10/16 months
DO_1D_3151_069w,DO-1D-3151,1D,101,69,69,16,6307,G27W2,13-18 months,8/10/16 months
DO_1D_3151_021w,DO-1D-3151,1D,97,21,21,5,6307,G27W2,<=5 months,5 months
DO_20_1042_096w,DO-20-1042,20,27,96,96,22,4107,G23W1,19-24 months,22/28 months
DO_20_1042_023w,DO-20-1042,20,18,23,21,5,4107,G23W1,<=5 months,5 months
DO_20_1042_044w,DO-20-1042,20,22,44,44,10,4107,G23W1,6-12 months,8/10/16 months
DO_20_1042_069w,DO-20-1042,20,25,69,69,16,4107,G23W1,13-18 months,8/10/16 months
DO_20_1042_148w,DO-20-1042,20,31,148,148,34,4107,G23W1,>=31 months,34+months
DO_2D_4086_121w,DO-2D-4086,2D,67,121,121,28,5095,G24W2,25-30 months,22/28 months
DO_2D_4086_043w,DO-2D-4086,2D,61,43,44,10,5095,G24W2,6-12 months,8/10/16 months
DO_AL_0115_096w,DO-AL-0115,AL,78,96,96,22,5878,G26W2,19-24 months,22/28 months
DO_AL_0115_120w,DO-AL-0115,AL,80,120,121,28,5878,G26W2,25-30 months,22/28 months
DO_AL_0115_069w,DO-AL-0115,AL,77,69,69,16,5878,G26W2,13-18 months,8/10/16 months
DO_20_1096_022w,DO-20-1096,20,57,22,21,5,5082,G24W2,<=5 months,5 months
DO_2D_4084_172w,DO-2D-4084,2D,67,172,174,40,5095,G24W2,>=31 months,34+months
DO_2D_4084_148w,DO-2D-4084,2D,67,148,148,34,5095,G24W2,>=31 months,34+months
DO_2D_4084_043w,DO-2D-4084,2D,61,43,44,10,5095,G24W2,6-12 months,8/10/16 months
DO_2D_4084_068w,DO-2D-4084,2D,64,68,69,16,5095,G24W2,13-18 months,8/10/16 months
DO_2D_4084_121w,DO-2D-4084,2D,67,121,121,28,5095,G24W2,25-30 months,22/28 months
DO_2D_4084_096w,DO-2D-4084,2D,65,96,96,22,5095,G24W2,19-24 months,22/28 months
DO_2D_4084_022w,DO-2D-4084,2D,59,22,21,5,5095,G24W2,<=5 months,5 months
DO_20_1160_121w,DO-20-1160,20,105,121,121,28,6304,G27W2,25-30 months,22/28 months
DO_20_1160_096w,DO-20-1160,20,102,96,96,22,6304,G27W2,19-24 months,22/28 months
DO_20_1160_069w,DO-20-1160,20,101,69,69,16,6304,G27W2,13-18 months,8/10/16 months
DO_20_1160_044w,DO-20-1160,20,99,44,44,10,6304,G27W2,6-12 months,8/10/16 months
DO_20_1160_021w,DO-20-1160,20,96,21,21,5,6304,G27W2,<=5 months,5 months
DO_2D_4180_044w,DO-2D-4180,2D,122,44,44,10,6539,G28W2,6-12 months,8/10/16 months
DO_2D_4180_021w,DO-2D-4180,2D,120,21,21,5,6539,G28W2,<=5 months,5 months
DO_2D_4180_069w,DO-2D-4180,2D,125,69,69,16,6539,G28W2,13-18 months,8/10/16 months
DO_2D_4180_096w,DO-2D-4180,2D,126,96,96,22,6539,G28W2,19-24 months,22/28 months
DO_2D_4167_121w,DO-2D-4167,2D,116,121,121,28,6477,G28W1,25-30 months,22/28 months
DO_2D_4167_097w,DO-2D-4167,2D,115,97,96,22,6477,G28W1,19-24 months,22/28 months
DO_2D_4167_069w,DO-2D-4167,2D,114,69,69,16,6477,G28W1,13-18 months,8/10/16 months
DO_2D_4167_021w,DO-2D-4167,2D,110,21,21,5,6477,G28W1,<=5 months,5 months
DO_AL_0020_035w,DO-AL-0020,AL,9,35,35,8,3389,G22W2,6-12 months,8/10/16 months
DO_AL_0020_097w,DO-AL-0020,AL,13,97,96,22,3389,G22W2,19-24 months,22/28 months
DO_AL_0020_069w,DO-AL-0020,AL,12,69,69,16,3389,G22W2,13-18 months,8/10/16 months
DO_AL_0020_043w,DO-AL-0020,AL,10,43,44,10,3389,G22W2,6-12 months,8/10/16 months
DO_20_1014_044w,DO-20-1014,20,1,44,44,10,3300,G22W1,6-12 months,8/10/16 months
DO_20_1014_038w,DO-20-1014,20,3,38,35,8,3300,G22W1,6-12 months,8/10/16 months
DO_20_1072_068w,DO-20-1072,20,51,68,69,16,4972,G24W1,13-18 months,8/10/16 months
DO_20_1072_096w,DO-20-1072,20,52,96,96,22,4972,G24W1,19-24 months,22/28 months
DO_20_1072_021w,DO-20-1072,20,46,21,21,5,4972,G24W1,<=5 months,5 months
DO_AL_0116_021w,DO-AL-0116,AL,75,21,21,5,5878,G26W2,<=5 months,5 months
DO_AL_0116_069w,DO-AL-0116,AL,77,69,69,16,5878,G26W2,13-18 months,8/10/16 months
DO_1D_3040_044w,DO-1D-3040,1D,23,44,44,10,4112,G23W1,6-12 months,8/10/16 months
DO_1D_3040_096w,DO-1D-3040,1D,28,96,96,22,4112,G23W1,19-24 months,22/28 months
DO_1D_3040_069w,DO-1D-3040,1D,25,69,69,16,4112,G23W1,13-18 months,8/10/16 months
DO_1D_3040_023w,DO-1D-3040,1D,19,23,21,5,4112,G23W1,<=5 months,5 months
DO_1D_3040_121w,DO-1D-3040,1D,30,121,121,28,4112,G23W1,25-30 months,22/28 months
DO_1D_3040_148w,DO-1D-3040,1D,31,148,148,34,4112,G23W1,>=31 months,34+months
DO_2D_4001_069w,DO-2D-4001,2D,5,69,69,16,3312,G22W1,13-18 months,8/10/16 months
DO_2D_4001_038w,DO-2D-4001,2D,4,38,35,8,3312,G22W1,6-12 months,8/10/16 months
DO_2D_4001_044w,DO-2D-4001,2D,2,44,44,10,3312,G22W1,6-12 months,8/10/16 months
DO_2D_4001_097w,DO-2D-4001,2D,6,97,96,22,3312,G22W1,19-24 months,22/28 months
DO_2D_4001_121w,DO-2D-4001,2D,6,121,121,28,3312,G22W1,25-30 months,22/28 months
DO_20_1103_044w,DO-20-1103,20,70,44,44,10,5836,G26W1,6-12 months,8/10/16 months
DO_20_1103_020w,DO-20-1103,20,68,20,21,5,5836,G26W1,<=5 months,5 months
DO_AL_0123_021w,DO-AL-0123,AL,75,21,21,5,5879,G26W2,<=5 months,5 months
DO_AL_0123_096w,DO-AL-0123,AL,78,96,96,22,5879,G26W2,19-24 months,22/28 months
DO_AL_0123_044w,DO-AL-0123,AL,77,44,44,10,5879,G26W2,6-12 months,8/10/16 months
DO_20_1003_097w,DO-20-1003,20,6,97,96,22,3299,G22W1,19-24 months,22/28 months
DO_20_1003_038w,DO-20-1003,20,3,38,35,8,3299,G22W1,6-12 months,8/10/16 months
DO_20_1003_121w,DO-20-1003,20,6,121,121,28,3299,G22W1,25-30 months,22/28 months
DO_20_1003_069w,DO-20-1003,20,4,69,69,16,3299,G22W1,13-18 months,8/10/16 months
DO_20_1003_044w,DO-20-1003,20,1,44,44,10,3299,G22W1,6-12 months,8/10/16 months
DO_20_1003_148w,DO-20-1003,20,7,148,148,34,3299,G22W1,>=31 months,34+months
DO_2D_4099_121w,DO-2D-4099,2D,81,121,121,28,5844,G26W1,25-30 months,22/28 months
DO_2D_4099_069w,DO-2D-4099,2D,73,69,69,16,5844,G26W1,13-18 months,8/10/16 months
DO_2D_4099_044w,DO-2D-4099,2D,71,44,44,10,5844,G26W1,6-12 months,8/10/16 months
DO_2D_4099_148w,DO-2D-4099,2D,74,148,148,34,5844,G26W1,>=31 months,34+months
DO_2D_4099_096w,DO-2D-4099,2D,74,96,96,22,5844,G26W1,19-24 months,22/28 months
DO_1D_3063_121w,DO-1D-3063,1D,45,121,121,28,4341,G23W2,25-30 months,22/28 months
DO_1D_3063_096w,DO-1D-3063,1D,43,96,96,22,4341,G23W2,19-24 months,22/28 months
DO_1D_3063_069w,DO-1D-3063,1D,40,69,69,16,4341,G23W2,13-18 months,8/10/16 months
DO_40_2167_021w,DO-40-2167,40,108,21,21,5,6473,G28W1,<=5 months,5 months
DO_40_2167_148w,DO-40-2167,40,117,148,148,34,6473,G28W1,>=31 months,34+months
DO_40_2167_174w,DO-40-2167,40,129,174,174,40,6473,G28W1,>=31 months,34+months
DO_40_2167_121w,DO-40-2167,40,116,121,121,28,6473,G28W1,25-30 months,22/28 months
DO_2D_4040_096w,DO-2D-4040,2D,28,96,96,22,4114,G23W1,19-24 months,22/28 months
DO_2D_4040_069w,DO-2D-4040,2D,26,69,69,16,4114,G23W1,13-18 months,8/10/16 months
DO_2D_4040_121w,DO-2D-4040,2D,30,121,121,28,4114,G23W1,25-30 months,22/28 months
DO_40_2029_069w,DO-40-2029,40,12,69,69,16,3394,G22W2,13-18 months,8/10/16 months
DO_40_2029_121w,DO-40-2029,40,15,121,121,28,3394,G22W2,25-30 months,22/28 months
DO_40_2029_035w,DO-40-2029,40,9,35,35,8,3394,G22W2,6-12 months,8/10/16 months
DO_40_2029_043w,DO-40-2029,40,11,43,44,10,3394,G22W2,6-12 months,8/10/16 months
DO_1D_3034_044w,DO-1D-3034,1D,23,44,44,10,4112,G23W1,6-12 months,8/10/16 months
DO_1D_3034_069w,DO-1D-3034,1D,25,69,69,16,4112,G23W1,13-18 months,8/10/16 months
DO_1D_3034_023w,DO-1D-3034,1D,19,23,21,5,4112,G23W1,<=5 months,5 months
DO_1D_3034_096w,DO-1D-3034,1D,28,96,96,22,4112,G23W1,19-24 months,22/28 months
DO_20_1167_021w,DO-20-1167,20,108,21,21,5,6471,G28W1,<=5 months,5 months
DO_AL_0111_020w,DO-AL-0111,AL,68,20,21,5,5837,G26W1,<=5 months,5 months
DO_AL_0111_044w,DO-AL-0111,AL,70,44,44,10,5837,G26W1,6-12 months,8/10/16 months
DO_20_1005_038w,DO-20-1005,20,3,38,35,8,3299,G22W1,6-12 months,8/10/16 months
DO_20_1005_044w,DO-20-1005,20,1,44,44,10,3299,G22W1,6-12 months,8/10/16 months
DO_1D_3140_021w,DO-1D-3140,1D,85,21,21,5,6189,G27W1,<=5 months,5 months
DO_2D_4025_043w,DO-2D-4025,2D,11,43,44,10,3398,G22W2,6-12 months,8/10/16 months
DO_2D_4025_035w,DO-2D-4025,2D,10,35,35,8,3398,G22W2,6-12 months,8/10/16 months
DO_2D_4025_069w,DO-2D-4025,2D,13,69,69,16,3398,G22W2,13-18 months,8/10/16 months
DO_2D_4057_096w,DO-2D-4057,2D,43,96,96,22,4336,G23W2,19-24 months,22/28 months
DO_2D_4057_069w,DO-2D-4057,2D,40,69,69,16,4336,G23W2,13-18 months,8/10/16 months
DO_2D_4057_044w,DO-2D-4057,2D,37,44,44,10,4336,G23W2,6-12 months,8/10/16 months
DO_2D_4057_121w,DO-2D-4057,2D,45,121,121,28,4336,G23W2,25-30 months,22/28 months
DO_20_1013_069w,DO-20-1013,20,5,69,69,16,3300,G22W1,13-18 months,8/10/16 months
DO_20_1013_038w,DO-20-1013,20,3,38,35,8,3300,G22W1,6-12 months,8/10/16 months
DO_20_1013_044w,DO-20-1013,20,1,44,44,10,3300,G22W1,6-12 months,8/10/16 months
DO_20_1013_097w,DO-20-1013,20,6,97,96,22,3300,G22W1,19-24 months,22/28 months
DO_20_1013_148w,DO-20-1013,20,7,148,148,34,3300,G22W1,>=31 months,34+months
DO_20_1013_121w,DO-20-1013,20,6,121,121,28,3300,G22W1,25-30 months,22/28 months
DO_1D_3024_121w,DO-1D-3024,1D,15,121,121,28,3395,G22W2,25-30 months,22/28 months
DO_1D_3024_035w,DO-1D-3024,1D,10,35,35,8,3395,G22W2,6-12 months,8/10/16 months
DO_1D_3024_043w,DO-1D-3024,1D,11,43,44,10,3395,G22W2,6-12 months,8/10/16 months
DO_1D_3024_148w,DO-1D-3024,1D,16,148,148,34,3395,G22W2,>=31 months,34+months
DO_AL_0081_096w,DO-AL-0081,AL,64,96,96,22,5076,G24W2,19-24 months,22/28 months
DO_20_1130_021w,DO-20-1130,20,83,21,21,5,6184,G27W1,<=5 months,5 months
DO_20_1130_069w,DO-20-1130,20,89,69,69,16,6184,G27W1,13-18 months,8/10/16 months
DO_20_1130_044w,DO-20-1130,20,86,44,44,10,6184,G27W1,6-12 months,8/10/16 months
DO_AL_0126_021w,DO-AL-0126,AL,75,21,21,5,5879,G26W2,<=5 months,5 months
DO_AL_0126_044w,DO-AL-0126,AL,77,44,44,10,5879,G26W2,6-12 months,8/10/16 months
DO_1D_3037_121w,DO-1D-3037,1D,30,121,121,28,4112,G23W1,25-30 months,22/28 months
DO_1D_3037_096w,DO-1D-3037,1D,28,96,96,22,4112,G23W1,19-24 months,22/28 months
DO_1D_3037_069w,DO-1D-3037,1D,25,69,69,16,4112,G23W1,13-18 months,8/10/16 months
DO_1D_3037_023w,DO-1D-3037,1D,19,23,21,5,4112,G23W1,<=5 months,5 months
DO_1D_3037_044w,DO-1D-3037,1D,23,44,44,10,4112,G23W1,6-12 months,8/10/16 months
DO_1D_3071_095w,DO-1D-3071,1D,53,95,96,22,4976,G24W1,19-24 months,22/28 months
DO_1D_3071_068w,DO-1D-3071,1D,52,68,69,16,4976,G24W1,13-18 months,8/10/16 months
DO_1D_3071_021w,DO-1D-3071,1D,47,21,21,5,4976,G24W1,<=5 months,5 months
DO_2D_4036_069w,DO-2D-4036,2D,26,69,69,16,4114,G23W1,13-18 months,8/10/16 months
DO_2D_4036_096w,DO-2D-4036,2D,28,96,96,22,4114,G23W1,19-24 months,22/28 months
DO_2D_4030_069w,DO-2D-4030,2D,13,69,69,16,3398,G22W2,13-18 months,8/10/16 months
DO_2D_4030_043w,DO-2D-4030,2D,12,43,44,10,3398,G22W2,6-12 months,8/10/16 months
DO_2D_4030_097w,DO-2D-4030,2D,14,97,96,22,3398,G22W2,19-24 months,22/28 months
DO_2D_4030_035w,DO-2D-4030,2D,10,35,35,8,3398,G22W2,6-12 months,8/10/16 months
DO_1D_3090_069w,DO-1D-3090,1D,63,69,69,16,5094,G24W2,13-18 months,8/10/16 months
DO_1D_3090_022w,DO-1D-3090,1D,58,22,21,5,5094,G24W2,<=5 months,5 months
DO_1D_3090_044w,DO-1D-3090,1D,61,44,44,10,5094,G24W2,6-12 months,8/10/16 months
DO_1D_3090_096w,DO-1D-3090,1D,65,96,96,22,5094,G24W2,19-24 months,22/28 months
DO_1D_3090_121w,DO-1D-3090,1D,67,121,121,28,5094,G24W2,25-30 months,22/28 months
DO_2D_4123_096w,DO-2D-4123,2D,79,96,96,22,5887,G26W2,19-24 months,22/28 months
DO_2D_4123_069w,DO-2D-4123,2D,78,69,69,16,5887,G26W2,13-18 months,8/10/16 months
DO_2D_4123_120w,DO-2D-4123,2D,80,120,121,28,5887,G26W2,25-30 months,22/28 months
DO_2D_4123_044w,DO-2D-4123,2D,77,44,44,10,5887,G26W2,6-12 months,8/10/16 months
DO_2D_4123_021w,DO-2D-4123,2D,76,21,21,5,5887,G26W2,<=5 months,5 months
DO_40_2190_021w,DO-40-2190,40,119,21,21,5,6536,G28W2,<=5 months,5 months
DO_20_1012_069w,DO-20-1012,20,5,69,69,16,3300,G22W1,13-18 months,8/10/16 months
DO_20_1012_038w,DO-20-1012,20,3,38,35,8,3300,G22W1,6-12 months,8/10/16 months
DO_20_1012_097w,DO-20-1012,20,6,97,96,22,3300,G22W1,19-24 months,22/28 months
DO_20_1012_044w,DO-20-1012,20,1,44,44,10,3300,G22W1,6-12 months,8/10/16 months
DO_1D_3076_021w,DO-1D-3076,1D,48,21,21,5,4977,G24W1,<=5 months,5 months
DO_1D_3076_068w,DO-1D-3076,1D,52,68,69,16,4977,G24W1,13-18 months,8/10/16 months
DO_1D_3076_044w,DO-1D-3076,1D,50,44,44,10,4977,G24W1,6-12 months,8/10/16 months
DO_1D_3076_095w,DO-1D-3076,1D,54,95,96,22,4977,G24W1,19-24 months,22/28 months
DO_1D_3076_120w,DO-1D-3076,1D,55,120,121,28,4977,G24W1,25-30 months,22/28 months
DO_40_2070_095w,DO-40-2070,40,53,95,96,22,4974,G24W1,19-24 months,22/28 months
DO_40_2070_068w,DO-40-2070,40,51,68,69,16,4974,G24W1,13-18 months,8/10/16 months
DO_40_2070_021w,DO-40-2070,40,47,21,21,5,4974,G24W1,<=5 months,5 months
DO_40_2070_120w,DO-40-2070,40,55,120,121,28,4974,G24W1,25-30 months,22/28 months
DO_40_2070_174w,DO-40-2070,40,56,174,174,40,4974,G24W1,>=31 months,34+months
DO_40_2047_023w,DO-40-2047,40,19,23,21,5,4109,G23W1,<=5 months,5 months
DO_40_2047_044w,DO-40-2047,40,23,44,44,10,4109,G23W1,6-12 months,8/10/16 months
DO_AL_0108_096w,DO-AL-0108,AL,74,96,96,22,5837,G26W1,19-24 months,22/28 months
DO_AL_0108_044w,DO-AL-0108,AL,70,44,44,10,5837,G26W1,6-12 months,8/10/16 months
DO_AL_0108_069w,DO-AL-0108,AL,72,69,69,16,5837,G26W1,13-18 months,8/10/16 months
DO_AL_0108_020w,DO-AL-0108,AL,68,20,21,5,5837,G26W1,<=5 months,5 months
DO_40_2131_096w,DO-40-2131,40,92,96,96,22,6186,G27W1,19-24 months,22/28 months
DO_40_2131_069w,DO-40-2131,40,90,69,69,16,6186,G27W1,13-18 months,8/10/16 months
DO_40_2131_044w,DO-40-2131,40,86,44,44,10,6186,G27W1,6-12 months,8/10/16 months
DO_40_2058_020w,DO-40-2058,40,34,20,21,5,4339,G23W2,<=5 months,5 months
DO_20_1111_096w,DO-20-1111,20,74,96,96,22,5838,G26W1,19-24 months,22/28 months
DO_20_1111_021w,DO-20-1111,20,69,21,21,5,5838,G26W1,<=5 months,5 months
DO_20_1111_121w,DO-20-1111,20,81,121,121,28,5838,G26W1,25-30 months,22/28 months
DO_20_1111_044w,DO-20-1111,20,70,44,44,10,5838,G26W1,6-12 months,8/10/16 months
DO_AL_0089_022w,DO-AL-0089,AL,56,22,21,5,5077,G24W2,<=5 months,5 months
DO_20_1126_120w,DO-20-1126,20,80,120,121,28,5881,G26W2,25-30 months,22/28 months
DO_20_1126_021w,DO-20-1126,20,75,21,21,5,5881,G26W2,<=5 months,5 months
DO_20_1126_096w,DO-20-1126,20,79,96,96,22,5881,G26W2,19-24 months,22/28 months
DO_20_1126_044w,DO-20-1126,20,77,44,44,10,5881,G26W2,6-12 months,8/10/16 months
DO_2D_4017_097w,DO-2D-4017,2D,14,97,96,22,3397,G22W2,19-24 months,22/28 months
DO_2D_4017_069w,DO-2D-4017,2D,13,69,69,16,3397,G22W2,13-18 months,8/10/16 months
DO_2D_4017_035w,DO-2D-4017,2D,10,35,35,8,3397,G22W2,6-12 months,8/10/16 months
DO_2D_4017_043w,DO-2D-4017,2D,11,43,44,10,3397,G22W2,6-12 months,8/10/16 months
DO_20_1073_021w,DO-20-1073,20,46,21,21,5,4973,G24W1,<=5 months,5 months
DO_1D_3043_069w,DO-1D-3043,1D,25,69,69,16,4113,G23W1,13-18 months,8/10/16 months
DO_1D_3043_148w,DO-1D-3043,1D,31,148,148,34,4113,G23W1,>=31 months,34+months
DO_1D_3043_121w,DO-1D-3043,1D,30,121,121,28,4113,G23W1,25-30 months,22/28 months
DO_1D_3043_023w,DO-1D-3043,1D,19,23,21,5,4113,G23W1,<=5 months,5 months
DO_1D_3043_096w,DO-1D-3043,1D,28,96,96,22,4113,G23W1,19-24 months,22/28 months
DO_1D_3043_044w,DO-1D-3043,1D,24,44,44,10,4113,G23W1,6-12 months,8/10/16 months
DO_40_2008_044w,DO-40-2008,40,1,44,44,10,3302,G22W1,6-12 months,8/10/16 months
DO_40_2008_097w,DO-40-2008,40,6,97,96,22,3302,G22W1,19-24 months,22/28 months
DO_40_2008_069w,DO-40-2008,40,5,69,69,16,3302,G22W1,13-18 months,8/10/16 months
DO_40_2008_038w,DO-40-2008,40,3,38,35,8,3302,G22W1,6-12 months,8/10/16 months
DO_AL_0054_096w,DO-AL-0054,AL,41,96,96,22,4332,G23W2,19-24 months,22/28 months
DO_AL_0054_020w,DO-AL-0054,AL,32,20,21,5,4332,G23W2,<=5 months,5 months
DO_2D_4134_044w,DO-2D-4134,2D,88,44,44,10,6190,G27W1,6-12 months,8/10/16 months
DO_2D_4134_069w,DO-2D-4134,2D,91,69,69,16,6190,G27W1,13-18 months,8/10/16 months
DO_2D_4173_021w,DO-2D-4173,2D,110,21,21,5,6478,G28W1,<=5 months,5 months
DO_1D_3174_021w,DO-1D-3174,1D,109,21,21,5,6476,G28W1,<=5 months,5 months
DO_1D_3174_121w,DO-1D-3174,1D,116,121,121,28,6476,G28W1,25-30 months,22/28 months
DO_40_2072_021w,DO-40-2072,40,47,21,21,5,4974,G24W1,<=5 months,5 months
DO_40_2072_095w,DO-40-2072,40,53,95,96,22,4974,G24W1,19-24 months,22/28 months
DO_40_2072_120w,DO-40-2072,40,55,120,121,28,4974,G24W1,25-30 months,22/28 months
DO_1D_3080_044w,DO-1D-3080,1D,50,44,44,10,4977,G24W1,6-12 months,8/10/16 months
DO_1D_3080_021w,DO-1D-3080,1D,48,21,21,5,4977,G24W1,<=5 months,5 months
DO_1D_3080_068w,DO-1D-3080,1D,52,68,69,16,4977,G24W1,13-18 months,8/10/16 months
DO_1D_3080_095w,DO-1D-3080,1D,54,95,96,22,4977,G24W1,19-24 months,22/28 months
DO_2D_4137_021w,DO-2D-4137,2D,85,21,21,5,6191,G27W1,<=5 months,5 months
DO_2D_4137_121w,DO-2D-4137,2D,95,121,121,28,6191,G27W1,25-30 months,22/28 months
DO_2D_4137_096w,DO-2D-4137,2D,93,96,96,22,6191,G27W1,19-24 months,22/28 months
DO_2D_4137_069w,DO-2D-4137,2D,91,69,69,16,6191,G27W1,13-18 months,8/10/16 months
DO_1D_3102_020w,DO-1D-3102,1D,69,20,21,5,5842,G26W1,<=5 months,5 months
DO_1D_3102_121w,DO-1D-3102,1D,81,121,121,28,5842,G26W1,25-30 months,22/28 months
DO_1D_3102_096w,DO-1D-3102,1D,74,96,96,22,5842,G26W1,19-24 months,22/28 months
DO_AL_0173_097w,DO-AL-0173,AL,115,97,96,22,6470,G28W1,19-24 months,22/28 months
DO_AL_0173_044w,DO-AL-0173,AL,111,44,44,10,6470,G28W1,6-12 months,8/10/16 months
DO_AL_0173_021w,DO-AL-0173,AL,107,21,21,5,6470,G28W1,<=5 months,5 months
DO_AL_0173_069w,DO-AL-0173,AL,113,69,69,16,6470,G28W1,13-18 months,8/10/16 months
DO_AL_0173_121w,DO-AL-0173,AL,116,121,121,28,6470,G28W1,25-30 months,22/28 months
DO_AL_0046_023w,DO-AL-0046,AL,17,23,21,5,4105,G23W1,<=5 months,5 months
DO_AL_0046_044w,DO-AL-0046,AL,22,44,44,10,4105,G23W1,6-12 months,8/10/16 months
DO_AL_0046_096w,DO-AL-0046,AL,27,96,96,22,4105,G23W1,19-24 months,22/28 months
DO_AL_0046_069w,DO-AL-0046,AL,25,69,69,16,4105,G23W1,13-18 months,8/10/16 months
DO_20_1143_069w,DO-20-1143,20,90,69,69,16,6185,G27W1,13-18 months,8/10/16 months
DO_20_1143_021w,DO-20-1143,20,84,21,21,5,6185,G27W1,<=5 months,5 months
DO_20_1143_044w,DO-20-1143,20,86,44,44,10,6185,G27W1,6-12 months,8/10/16 months
DO_1D_3100_044w,DO-1D-3100,1D,71,44,44,10,5842,G26W1,6-12 months,8/10/16 months
DO_1D_3100_020w,DO-1D-3100,1D,69,20,21,5,5842,G26W1,<=5 months,5 months
DO_1D_3100_069w,DO-1D-3100,1D,73,69,69,16,5842,G26W1,13-18 months,8/10/16 months
DO_40_2023_043w,DO-40-2023,40,11,43,44,10,3393,G22W2,6-12 months,8/10/16 months
DO_40_2023_121w,DO-40-2023,40,15,121,121,28,3393,G22W2,25-30 months,22/28 months
DO_40_2023_148w,DO-40-2023,40,15,148,148,34,3393,G22W2,>=31 months,34+months
DO_40_2023_097w,DO-40-2023,40,14,97,96,22,3393,G22W2,19-24 months,22/28 months
DO_40_2023_069w,DO-40-2023,40,12,69,69,16,3393,G22W2,13-18 months,8/10/16 months
DO_20_1043_096w,DO-20-1043,20,27,96,96,22,4107,G23W1,19-24 months,22/28 months
DO_20_1043_069w,DO-20-1043,20,25,69,69,16,4107,G23W1,13-18 months,8/10/16 months
DO_20_1043_044w,DO-20-1043,20,22,44,44,10,4107,G23W1,6-12 months,8/10/16 months
DO_1D_3108_020w,DO-1D-3108,1D,69,20,21,5,5843,G26W1,<=5 months,5 months
DO_20_1189_096w,DO-20-1189,20,126,96,96,22,6534,G28W2,19-24 months,22/28 months
DO_20_1189_122w,DO-20-1189,20,127,122,121,28,6534,G28W2,25-30 months,22/28 months
DO_20_1189_021w,DO-20-1189,20,119,21,21,5,6534,G28W2,<=5 months,5 months
DO_20_1189_069w,DO-20-1189,20,123,69,69,16,6534,G28W2,13-18 months,8/10/16 months
DO_20_1068_096w,DO-20-1068,20,52,96,96,22,4972,G24W1,19-24 months,22/28 months
DO_20_1068_021w,DO-20-1068,20,46,21,21,5,4972,G24W1,<=5 months,5 months
DO_20_1068_068w,DO-20-1068,20,50,68,69,16,4972,G24W1,13-18 months,8/10/16 months
DO_2D_4026_035w,DO-2D-4026,2D,10,35,35,8,3398,G22W2,6-12 months,8/10/16 months
DO_2D_4026_097w,DO-2D-4026,2D,14,97,96,22,3398,G22W2,19-24 months,22/28 months
DO_2D_4026_069w,DO-2D-4026,2D,13,69,69,16,3398,G22W2,13-18 months,8/10/16 months
DO_40_2100_020w,DO-40-2100,40,69,20,21,5,5840,G26W1,<=5 months,5 months
DO_40_2100_069w,DO-40-2100,40,72,69,69,16,5840,G26W1,13-18 months,8/10/16 months
DO_40_2100_044w,DO-40-2100,40,70,44,44,10,5840,G26W1,6-12 months,8/10/16 months
DO_20_1091_022w,DO-20-1091,20,57,22,21,5,5082,G24W2,<=5 months,5 months
DO_20_1091_069w,DO-20-1091,20,62,69,69,16,5082,G24W2,13-18 months,8/10/16 months
DO_20_1050_020w,DO-20-1050,20,33,20,21,5,4335,G23W2,<=5 months,5 months
DO_2D_4054_020w,DO-2D-4054,2D,35,20,21,5,4334,G23W2,<=5 months,5 months
DO_2D_4054_069w,DO-2D-4054,2D,40,69,69,16,4334,G23W2,13-18 months,8/10/16 months
DO_2D_4054_096w,DO-2D-4054,2D,43,96,96,22,4334,G23W2,19-24 months,22/28 months
DO_2D_4069_021w,DO-2D-4069,2D,48,21,21,5,4978,G24W1,<=5 months,5 months
DO_2D_4069_095w,DO-2D-4069,2D,54,95,96,22,4978,G24W1,19-24 months,22/28 months
DO_2D_4069_068w,DO-2D-4069,2D,52,68,69,16,4978,G24W1,13-18 months,8/10/16 months
DO_2D_4069_044w,DO-2D-4069,2D,50,44,44,10,4978,G24W1,6-12 months,8/10/16 months
DO_2D_4048_069w,DO-2D-4048,2D,26,69,69,16,4115,G23W1,13-18 months,8/10/16 months
DO_20_1154_044w,DO-20-1154,20,99,44,44,10,6304,G27W2,6-12 months,8/10/16 months
DO_20_1154_069w,DO-20-1154,20,100,69,69,16,6304,G27W2,13-18 months,8/10/16 months
DO_20_1154_021w,DO-20-1154,20,96,21,21,5,6304,G27W2,<=5 months,5 months
DO_2D_4107_044w,DO-2D-4107,2D,72,44,44,10,5845,G26W1,6-12 months,8/10/16 months
DO_2D_4107_020w,DO-2D-4107,2D,69,20,21,5,5845,G26W1,<=5 months,5 months
DO_20_1131_069w,DO-20-1131,20,89,69,69,16,6184,G27W1,13-18 months,8/10/16 months
DO_20_1131_021w,DO-20-1131,20,83,21,21,5,6184,G27W1,<=5 months,5 months
DO_20_1131_096w,DO-20-1131,20,92,96,96,22,6184,G27W1,19-24 months,22/28 months
DO_20_1131_121w,DO-20-1131,20,94,121,121,28,6184,G27W1,25-30 months,22/28 months
DO_1D_3117_021w,DO-1D-3117,1D,76,21,21,5,5884,G26W2,<=5 months,5 months
DO_1D_3117_069w,DO-1D-3117,1D,78,69,69,16,5884,G26W2,13-18 months,8/10/16 months
DO_1D_3117_120w,DO-1D-3117,1D,80,120,121,28,5884,G26W2,25-30 months,22/28 months
DO_40_2027_121w,DO-40-2027,40,15,121,121,28,3394,G22W2,25-30 months,22/28 months
DO_40_2027_097w,DO-40-2027,40,14,97,96,22,3394,G22W2,19-24 months,22/28 months
DO_40_2027_148w,DO-40-2027,40,16,148,148,34,3394,G22W2,>=31 months,34+months
DO_20_1048_044w,DO-20-1048,20,22,44,44,10,4107,G23W1,6-12 months,8/10/16 months
DO_20_1048_023w,DO-20-1048,20,18,23,21,5,4107,G23W1,<=5 months,5 months
DO_AL_0068_120w,DO-AL-0068,AL,54,120,121,28,4968,G24W1,25-30 months,22/28 months
DO_AL_0068_068w,DO-AL-0068,AL,50,68,69,16,4968,G24W1,13-18 months,8/10/16 months
DO_AL_0068_044w,DO-AL-0068,AL,48,44,44,10,4968,G24W1,6-12 months,8/10/16 months
DO_AL_0068_095w,DO-AL-0068,AL,52,95,96,22,4968,G24W1,19-24 months,22/28 months
DO_20_1117_120w,DO-20-1117,20,80,120,121,28,5880,G26W2,25-30 months,22/28 months
DO_20_1117_044w,DO-20-1117,20,77,44,44,10,5880,G26W2,6-12 months,8/10/16 months
DO_20_1117_069w,DO-20-1117,20,78,69,69,16,5880,G26W2,13-18 months,8/10/16 months
DO_20_1117_021w,DO-20-1117,20,75,21,21,5,5880,G26W2,<=5 months,5 months
DO_40_2113_120w,DO-40-2113,40,80,120,121,28,5882,G26W2,25-30 months,22/28 months
DO_40_2113_069w,DO-40-2113,40,78,69,69,16,5882,G26W2,13-18 months,8/10/16 months
DO_40_2113_021w,DO-40-2113,40,75,21,21,5,5882,G26W2,<=5 months,5 months
DO_40_2113_044w,DO-40-2113,40,77,44,44,10,5882,G26W2,6-12 months,8/10/16 months
DO_40_2113_148w,DO-40-2113,40,82,148,148,34,5882,G26W2,>=31 months,34+months
DO_40_2130_096w,DO-40-2130,40,92,96,96,22,6186,G27W1,19-24 months,22/28 months
DO_40_2130_021w,DO-40-2130,40,84,21,21,5,6186,G27W1,<=5 months,5 months
DO_40_2130_069w,DO-40-2130,40,90,69,69,16,6186,G27W1,13-18 months,8/10/16 months
DO_40_2130_121w,DO-40-2130,40,94,121,121,28,6186,G27W1,25-30 months,22/28 months
DO_40_2130_044w,DO-40-2130,40,86,44,44,10,6186,G27W1,6-12 months,8/10/16 months
DO_40_2154_044w,DO-40-2154,40,99,44,44,10,6306,G27W2,6-12 months,8/10/16 months
DO_40_2154_096w,DO-40-2154,40,103,96,96,22,6306,G27W2,19-24 months,22/28 months
DO_40_2154_121w,DO-40-2154,40,105,121,121,28,6306,G27W2,25-30 months,22/28 months
DO_40_2154_069w,DO-40-2154,40,101,69,69,16,6306,G27W2,13-18 months,8/10/16 months
DO_20_1169_021w,DO-20-1169,20,108,21,21,5,6472,G28W1,<=5 months,5 months
DO_40_2106_044w,DO-40-2106,40,70,44,44,10,5841,G26W1,6-12 months,8/10/16 months
DO_40_2106_021w,DO-40-2106,40,69,21,21,5,5841,G26W1,<=5 months,5 months
DO_1D_3028_148w,DO-1D-3028,1D,16,148,148,34,3396,G22W2,>=31 months,34+months
DO_1D_3028_035w,DO-1D-3028,1D,10,35,35,8,3396,G22W2,6-12 months,8/10/16 months
DO_1D_3028_097w,DO-1D-3028,1D,14,97,96,22,3396,G22W2,19-24 months,22/28 months
DO_1D_3028_043w,DO-1D-3028,1D,11,43,44,10,3396,G22W2,6-12 months,8/10/16 months
DO_1D_3028_069w,DO-1D-3028,1D,13,69,69,16,3396,G22W2,13-18 months,8/10/16 months
DO_AL_0036_069w,DO-AL-0036,AL,25,69,69,16,4104,G23W1,13-18 months,8/10/16 months
DO_AL_0036_096w,DO-AL-0036,AL,26,96,96,22,4104,G23W1,19-24 months,22/28 months
DO_40_2135_021w,DO-40-2135,40,84,21,21,5,6186,G27W1,<=5 months,5 months
DO_AL_0092_121w,DO-AL-0092,AL,66,121,121,28,5077,G24W2,25-30 months,22/28 months
DO_AL_0092_096w,DO-AL-0092,AL,66,96,96,22,5077,G24W2,19-24 months,22/28 months
DO_AL_0092_069w,DO-AL-0092,AL,62,69,69,16,5077,G24W2,13-18 months,8/10/16 months
DO_20_1144_044w,DO-20-1144,20,86,44,44,10,6185,G27W1,6-12 months,8/10/16 months
DO_1D_3101_096w,DO-1D-3101,1D,74,96,96,22,5842,G26W1,19-24 months,22/28 months
DO_1D_3101_044w,DO-1D-3101,1D,71,44,44,10,5842,G26W1,6-12 months,8/10/16 months
DO_1D_3101_020w,DO-1D-3101,1D,69,20,21,5,5842,G26W1,<=5 months,5 months
DO_1D_3101_069w,DO-1D-3101,1D,73,69,69,16,5842,G26W1,13-18 months,8/10/16 months
DO_1D_3101_121w,DO-1D-3101,1D,81,121,121,28,5842,G26W1,25-30 months,22/28 months
DO_1D_3069_095w,DO-1D-3069,1D,53,95,96,22,4976,G24W1,19-24 months,22/28 months
DO_1D_3069_068w,DO-1D-3069,1D,52,68,69,16,4976,G24W1,13-18 months,8/10/16 months
DO_20_1155_044w,DO-20-1155,20,99,44,44,10,6304,G27W2,6-12 months,8/10/16 months
DO_20_1155_021w,DO-20-1155,20,96,21,21,5,6304,G27W2,<=5 months,5 months
DO_40_2105_044w,DO-40-2105,40,70,44,44,10,5841,G26W1,6-12 months,8/10/16 months
DO_40_2105_096w,DO-40-2105,40,74,96,96,22,5841,G26W1,19-24 months,22/28 months
DO_20_1179_148w,DO-20-1179,20,128,148,148,34,6533,G28W2,>=31 months,34+months
DO_20_1179_122w,DO-20-1179,20,127,122,121,28,6533,G28W2,25-30 months,22/28 months
DO_20_1179_044w,DO-20-1179,20,121,44,44,10,6533,G28W2,6-12 months,8/10/16 months
DO_1D_3047_121w,DO-1D-3047,1D,30,121,121,28,4113,G23W1,25-30 months,22/28 months
DO_1D_3047_023w,DO-1D-3047,1D,19,23,21,5,4113,G23W1,<=5 months,5 months
DO_1D_3047_096w,DO-1D-3047,1D,28,96,96,22,4113,G23W1,19-24 months,22/28 months
DO_2D_4023_035w,DO-2D-4023,2D,10,35,35,8,3397,G22W2,6-12 months,8/10/16 months
DO_2D_4023_043w,DO-2D-4023,2D,11,43,44,10,3397,G22W2,6-12 months,8/10/16 months
DO_2D_4023_121w,DO-2D-4023,2D,15,121,121,28,3397,G22W2,25-30 months,22/28 months
DO_2D_4023_069w,DO-2D-4023,2D,13,69,69,16,3397,G22W2,13-18 months,8/10/16 months
DO_2D_4169_021w,DO-2D-4169,2D,110,21,21,5,6478,G28W1,<=5 months,5 months
DO_2D_4158_044w,DO-2D-4158,2D,100,44,44,10,6300,G27W2,6-12 months,8/10/16 months
DO_2D_4158_069w,DO-2D-4158,2D,101,69,69,16,6300,G27W2,13-18 months,8/10/16 months
DO_2D_4158_121w,DO-2D-4158,2D,106,121,121,28,6300,G27W2,25-30 months,22/28 months
DO_20_1007_038w,DO-20-1007,20,3,38,35,8,3299,G22W1,6-12 months,8/10/16 months
DO_20_1007_044w,DO-20-1007,20,1,44,44,10,3299,G22W1,6-12 months,8/10/16 months
DO_20_1007_069w,DO-20-1007,20,4,69,69,16,3299,G22W1,13-18 months,8/10/16 months
DO_40_2146_148w,DO-40-2146,40,106,148,148,34,6305,G27W2,>=31 months,34+months
DO_40_2146_096w,DO-40-2146,40,102,96,96,22,6305,G27W2,19-24 months,22/28 months
DO_40_2146_069w,DO-40-2146,40,101,69,69,16,6305,G27W2,13-18 months,8/10/16 months
DO_40_2146_174w,DO-40-2146,40,129,174,174,40,6305,G27W2,>=31 months,34+months
DO_1D_3192_044w,DO-1D-3192,1D,121,44,44,10,6538,G28W2,6-12 months,8/10/16 months
DO_1D_3192_096w,DO-1D-3192,1D,126,96,96,22,6538,G28W2,19-24 months,22/28 months
DO_1D_3192_021w,DO-1D-3192,1D,120,21,21,5,6538,G28W2,<=5 months,5 months
DO_20_1176_044w,DO-20-1176,20,112,44,44,10,6472,G28W1,6-12 months,8/10/16 months
DO_20_1176_097w,DO-20-1176,20,115,97,96,22,6472,G28W1,19-24 months,22/28 months
DO_20_1176_069w,DO-20-1176,20,114,69,69,16,6472,G28W1,13-18 months,8/10/16 months
DO_AL_0162_044w,DO-AL-0162,AL,110,44,44,10,6469,G28W1,6-12 months,8/10/16 months
DO_AL_0162_097w,DO-AL-0162,AL,114,97,96,22,6469,G28W1,19-24 months,22/28 months
DO_AL_0162_121w,DO-AL-0162,AL,116,121,121,28,6469,G28W1,25-30 months,22/28 months
DO_AL_0162_021w,DO-AL-0162,AL,107,21,21,5,6469,G28W1,<=5 months,5 months
DO_2D_4174_121w,DO-2D-4174,2D,116,121,121,28,6478,G28W1,25-30 months,22/28 months
DO_2D_4174_021w,DO-2D-4174,2D,110,21,21,5,6478,G28W1,<=5 months,5 months
DO_1D_3149_069w,DO-1D-3149,1D,101,69,69,16,6307,G27W2,13-18 months,8/10/16 months
DO_1D_3149_044w,DO-1D-3149,1D,99,44,44,10,6307,G27W2,6-12 months,8/10/16 months
DO_1D_3149_096w,DO-1D-3149,1D,103,96,96,22,6307,G27W2,19-24 months,22/28 months
DO_1D_3149_021w,DO-1D-3149,1D,97,21,21,5,6307,G27W2,<=5 months,5 months
DO_1D_3033_023w,DO-1D-3033,1D,19,23,21,5,4112,G23W1,<=5 months,5 months
DO_20_1172_021w,DO-20-1172,20,108,21,21,5,6472,G28W1,<=5 months,5 months
DO_20_1172_069w,DO-20-1172,20,114,69,69,16,6472,G28W1,13-18 months,8/10/16 months
DO_20_1172_097w,DO-20-1172,20,115,97,96,22,6472,G28W1,19-24 months,22/28 months
DO_20_1053_121w,DO-20-1053,20,44,121,121,28,4335,G23W2,25-30 months,22/28 months
DO_2D_4053_096w,DO-2D-4053,2D,43,96,96,22,4334,G23W2,19-24 months,22/28 months
DO_2D_4053_069w,DO-2D-4053,2D,40,69,69,16,4334,G23W2,13-18 months,8/10/16 months
DO_AL_0124_021w,DO-AL-0124,AL,75,21,21,5,5879,G26W2,<=5 months,5 months
DO_1D_3114_044w,DO-1D-3114,1D,77,44,44,10,5884,G26W2,6-12 months,8/10/16 months
DO_1D_3114_021w,DO-1D-3114,1D,76,21,21,5,5884,G26W2,<=5 months,5 months
DO_1D_3114_069w,DO-1D-3114,1D,78,69,69,16,5884,G26W2,13-18 months,8/10/16 months
DO_1D_3114_120w,DO-1D-3114,1D,80,120,121,28,5884,G26W2,25-30 months,22/28 months
DO_1D_3114_148w,DO-1D-3114,1D,82,148,148,34,5884,G26W2,>=31 months,34+months
DO_1D_3114_096w,DO-1D-3114,1D,79,96,96,22,5884,G26W2,19-24 months,22/28 months
DO_40_2118_044w,DO-40-2118,40,77,44,44,10,5882,G26W2,6-12 months,8/10/16 months
DO_40_2118_096w,DO-40-2118,40,79,96,96,22,5882,G26W2,19-24 months,22/28 months
DO_40_2118_175w,DO-40-2118,40,82,175,174,40,5882,G26W2,>=31 months,34+months
DO_40_2118_120w,DO-40-2118,40,80,120,121,28,5882,G26W2,25-30 months,22/28 months
DO_40_2118_021w,DO-40-2118,40,75,21,21,5,5882,G26W2,<=5 months,5 months
DO_AL_0062_069w,DO-AL-0062,AL,38,69,69,16,4333,G23W2,13-18 months,8/10/16 months
DO_AL_0062_020w,DO-AL-0062,AL,33,20,21,5,4333,G23W2,<=5 months,5 months
DO_AL_0183_069w,DO-AL-0183,AL,122,69,69,16,6531,G28W2,13-18 months,8/10/16 months
DO_AL_0183_021w,DO-AL-0183,AL,118,21,21,5,6531,G28W2,<=5 months,5 months
DO_40_2013_069w,DO-40-2013,40,5,69,69,16,3303,G22W1,13-18 months,8/10/16 months
DO_40_2013_044w,DO-40-2013,40,2,44,44,10,3303,G22W1,6-12 months,8/10/16 months
DO_40_2013_121w,DO-40-2013,40,6,121,121,28,3303,G22W1,25-30 months,22/28 months
DO_40_2013_097w,DO-40-2013,40,6,97,96,22,3303,G22W1,19-24 months,22/28 months
DO_20_1170_121w,DO-20-1170,20,116,121,121,28,6472,G28W1,25-30 months,22/28 months
DO_20_1170_148w,DO-20-1170,20,117,148,148,34,6472,G28W1,>=31 months,34+months
DO_20_1170_097w,DO-20-1170,20,115,97,96,22,6472,G28W1,19-24 months,22/28 months
DO_20_1170_021w,DO-20-1170,20,108,21,21,5,6472,G28W1,<=5 months,5 months
DO_40_2002_044w,DO-40-2002,40,1,44,44,10,3302,G22W1,6-12 months,8/10/16 months
DO_40_2002_069w,DO-40-2002,40,5,69,69,16,3302,G22W1,13-18 months,8/10/16 months
DO_40_2002_121w,DO-40-2002,40,6,121,121,28,3302,G22W1,25-30 months,22/28 months
DO_40_2002_038w,DO-40-2002,40,3,38,35,8,3302,G22W1,6-12 months,8/10/16 months
DO_40_2002_097w,DO-40-2002,40,6,97,96,22,3302,G22W1,19-24 months,22/28 months
DO_2D_4062_173w,DO-2D-4062,2D,46,173,174,40,4336,G23W2,>=31 months,34+months
DO_2D_4062_096w,DO-2D-4062,2D,43,96,96,22,4336,G23W2,19-24 months,22/28 months
DO_2D_4062_044w,DO-2D-4062,2D,37,44,44,10,4336,G23W2,6-12 months,8/10/16 months
DO_2D_4062_148w,DO-2D-4062,2D,46,148,148,34,4336,G23W2,>=31 months,34+months
DO_2D_4062_121w,DO-2D-4062,2D,45,121,121,28,4336,G23W2,25-30 months,22/28 months
DO_20_1002_044w,DO-20-1002,20,1,44,44,10,3299,G22W1,6-12 months,8/10/16 months
DO_20_1002_038w,DO-20-1002,20,3,38,35,8,3299,G22W1,6-12 months,8/10/16 months
DO_2D_4143_069w,DO-2D-4143,2D,91,69,69,16,6191,G27W1,13-18 months,8/10/16 months
DO_2D_4143_021w,DO-2D-4143,2D,85,21,21,5,6191,G27W1,<=5 months,5 months
DO_2D_4165_044w,DO-2D-4165,2D,113,44,44,10,6477,G28W1,6-12 months,8/10/16 months
DO_2D_4165_097w,DO-2D-4165,2D,115,97,96,22,6477,G28W1,19-24 months,22/28 months
DO_2D_4165_121w,DO-2D-4165,2D,116,121,121,28,6477,G28W1,25-30 months,22/28 months
DO_2D_4165_021w,DO-2D-4165,2D,110,21,21,5,6477,G28W1,<=5 months,5 months
DO_2D_4011_044w,DO-2D-4011,2D,2,44,44,10,3313,G22W1,6-12 months,8/10/16 months
DO_2D_4011_097w,DO-2D-4011,2D,6,97,96,22,3313,G22W1,19-24 months,22/28 months
DO_2D_4011_038w,DO-2D-4011,2D,4,38,35,8,3313,G22W1,6-12 months,8/10/16 months
DO_2D_4011_121w,DO-2D-4011,2D,6,121,121,28,3313,G22W1,25-30 months,22/28 months
DO_AL_0106_121w,DO-AL-0106,AL,81,121,121,28,5837,G26W1,25-30 months,22/28 months
DO_AL_0106_096w,DO-AL-0106,AL,74,96,96,22,5837,G26W1,19-24 months,22/28 months
DO_AL_0106_044w,DO-AL-0106,AL,70,44,44,10,5837,G26W1,6-12 months,8/10/16 months
DO_AL_0106_069w,DO-AL-0106,AL,72,69,69,16,5837,G26W1,13-18 months,8/10/16 months
DO_AL_0106_020w,DO-AL-0106,AL,68,20,21,5,5837,G26W1,<=5 months,5 months
DO_AL_0100_044w,DO-AL-0100,AL,70,44,44,10,5835,G26W1,6-12 months,8/10/16 months
DO_AL_0100_069w,DO-AL-0100,AL,72,69,69,16,5835,G26W1,13-18 months,8/10/16 months
DO_AL_0079_068w,DO-AL-0079,AL,50,68,69,16,4969,G24W1,13-18 months,8/10/16 months
DO_AL_0079_021w,DO-AL-0079,AL,46,21,21,5,4969,G24W1,<=5 months,5 months
DO_AL_0079_095w,DO-AL-0079,AL,52,95,96,22,4969,G24W1,19-24 months,22/28 months
DO_40_2094_022w,DO-40-2094,40,58,22,21,5,5087,G24W2,<=5 months,5 months
DO_40_2094_121w,DO-40-2094,40,66,121,121,28,5087,G24W2,25-30 months,22/28 months
DO_40_2094_096w,DO-40-2094,40,65,96,96,22,5087,G24W2,19-24 months,22/28 months
DO_40_2094_148w,DO-40-2094,40,67,148,148,34,5087,G24W2,>=31 months,34+months
DO_40_2094_069w,DO-40-2094,40,63,69,69,16,5087,G24W2,13-18 months,8/10/16 months
DO_2D_4186_148w,DO-2D-4186,2D,128,148,148,34,6540,G28W2,>=31 months,34+months
DO_2D_4186_122w,DO-2D-4186,2D,127,122,121,28,6540,G28W2,25-30 months,22/28 months
DO_2D_4186_069w,DO-2D-4186,2D,125,69,69,16,6540,G28W2,13-18 months,8/10/16 months
DO_2D_4186_096w,DO-2D-4186,2D,126,96,96,22,6540,G28W2,19-24 months,22/28 months
DO_2D_4166_021w,DO-2D-4166,2D,110,21,21,5,6477,G28W1,<=5 months,5 months
DO_20_1159_069w,DO-20-1159,20,100,69,69,16,6304,G27W2,13-18 months,8/10/16 months
DO_20_1159_021w,DO-20-1159,20,96,21,21,5,6304,G27W2,<=5 months,5 months
DO_1D_3091_022w,DO-1D-3091,1D,58,22,21,5,5094,G24W2,<=5 months,5 months
DO_1D_3091_096w,DO-1D-3091,1D,65,96,96,22,5094,G24W2,19-24 months,22/28 months
DO_1D_3091_121w,DO-1D-3091,1D,67,121,121,28,5094,G24W2,25-30 months,22/28 months
DO_1D_3091_044w,DO-1D-3091,1D,61,44,44,10,5094,G24W2,6-12 months,8/10/16 months
DO_1D_3104_121w,DO-1D-3104,1D,81,121,121,28,5842,G26W1,25-30 months,22/28 months
DO_1D_3104_096w,DO-1D-3104,1D,74,96,96,22,5842,G26W1,19-24 months,22/28 months
DO_1D_3104_021w,DO-1D-3104,1D,69,21,21,5,5842,G26W1,<=5 months,5 months
DO_1D_3104_148w,DO-1D-3104,1D,74,148,148,34,5842,G26W1,>=31 months,34+months
DO_1D_3104_044w,DO-1D-3104,1D,71,44,44,10,5842,G26W1,6-12 months,8/10/16 months
DO_20_1125_044w,DO-20-1125,20,77,44,44,10,5881,G26W2,6-12 months,8/10/16 months
DO_20_1125_021w,DO-20-1125,20,75,21,21,5,5881,G26W2,<=5 months,5 months
DO_AL_0091_096w,DO-AL-0091,AL,66,96,96,22,5077,G24W2,19-24 months,22/28 months
DO_AL_0091_069w,DO-AL-0091,AL,62,69,69,16,5077,G24W2,13-18 months,8/10/16 months
DO_AL_0091_022w,DO-AL-0091,AL,56,22,21,5,5077,G24W2,<=5 months,5 months
DO_AL_0091_121w,DO-AL-0091,AL,66,121,121,28,5077,G24W2,25-30 months,22/28 months
DO_AL_0043_148w,DO-AL-0043,AL,31,148,148,34,4105,G23W1,>=31 months,34+months
DO_AL_0043_069w,DO-AL-0043,AL,25,69,69,16,4105,G23W1,13-18 months,8/10/16 months
DO_AL_0043_096w,DO-AL-0043,AL,27,96,96,22,4105,G23W1,19-24 months,22/28 months
DO_AL_0043_174w,DO-AL-0043,AL,31,174,174,40,4105,G23W1,>=31 months,34+months
DO_AL_0043_121w,DO-AL-0043,AL,29,121,121,28,4105,G23W1,25-30 months,22/28 months
DO_2D_4156_021w,DO-2D-4156,2D,97,21,21,5,6300,G27W2,<=5 months,5 months
DO_1D_3017_035w,DO-1D-3017,1D,9,35,35,8,3395,G22W2,6-12 months,8/10/16 months
DO_1D_3017_069w,DO-1D-3017,1D,12,69,69,16,3395,G22W2,13-18 months,8/10/16 months
DO_1D_3017_097w,DO-1D-3017,1D,14,97,96,22,3395,G22W2,19-24 months,22/28 months
DO_1D_3017_043w,DO-1D-3017,1D,11,43,44,10,3395,G22W2,6-12 months,8/10/16 months
DO_1D_3155_121w,DO-1D-3155,1D,105,121,121,28,6308,G27W2,25-30 months,22/28 months
DO_1D_3155_021w,DO-1D-3155,1D,97,21,21,5,6308,G27W2,<=5 months,5 months
DO_1D_3155_096w,DO-1D-3155,1D,103,96,96,22,6308,G27W2,19-24 months,22/28 months
DO_1D_3155_069w,DO-1D-3155,1D,101,69,69,16,6308,G27W2,13-18 months,8/10/16 months
DO_40_2151_021w,DO-40-2151,40,97,21,21,5,6305,G27W2,<=5 months,5 months
DO_40_2151_044w,DO-40-2151,40,99,44,44,10,6305,G27W2,6-12 months,8/10/16 months
DO_40_2151_069w,DO-40-2151,40,101,69,69,16,6305,G27W2,13-18 months,8/10/16 months
DO_40_2151_121w,DO-40-2151,40,105,121,121,28,6305,G27W2,25-30 months,22/28 months
DO_40_2151_096w,DO-40-2151,40,102,96,96,22,6305,G27W2,19-24 months,22/28 months
DO_40_2061_069w,DO-40-2061,40,39,69,69,16,4339,G23W2,13-18 months,8/10/16 months
DO_40_2061_121w,DO-40-2061,40,44,121,121,28,4339,G23W2,25-30 months,22/28 months
DO_40_2061_200w,DO-40-2061,40,46,200,200,46,4339,G23W2,>=31 months,34+months
DO_40_2061_173w,DO-40-2061,40,46,173,174,40,4339,G23W2,>=31 months,34+months
DO_AL_0132_021w,DO-AL-0132,AL,83,21,21,5,6182,G27W1,<=5 months,5 months
DO_AL_0132_069w,DO-AL-0132,AL,88,69,69,16,6182,G27W1,13-18 months,8/10/16 months
DO_AL_0132_044w,DO-AL-0132,AL,85,44,44,10,6182,G27W1,6-12 months,8/10/16 months
DO_20_1158_044w,DO-20-1158,20,99,44,44,10,6304,G27W2,6-12 months,8/10/16 months
DO_20_1158_021w,DO-20-1158,20,96,21,21,5,6304,G27W2,<=5 months,5 months
DO_AL_0128_120w,DO-AL-0128,AL,80,120,121,28,5879,G26W2,25-30 months,22/28 months
DO_AL_0128_096w,DO-AL-0128,AL,79,96,96,22,5879,G26W2,19-24 months,22/28 months
DO_AL_0128_044w,DO-AL-0128,AL,77,44,44,10,5879,G26W2,6-12 months,8/10/16 months
DO_AL_0128_021w,DO-AL-0128,AL,75,21,21,5,5879,G26W2,<=5 months,5 months
DO_AL_0128_148w,DO-AL-0128,AL,82,148,148,34,5879,G26W2,>=31 months,34+months
DO_AL_0128_069w,DO-AL-0128,AL,78,69,69,16,5879,G26W2,13-18 months,8/10/16 months
DO_20_1086_022w,DO-20-1086,20,57,22,21,5,5078,G24W2,<=5 months,5 months
DO_20_1086_069w,DO-20-1086,20,62,69,69,16,5078,G24W2,13-18 months,8/10/16 months
DO_20_1086_096w,DO-20-1086,20,66,96,96,22,5078,G24W2,19-24 months,22/28 months
DO_20_1036_044w,DO-20-1036,20,22,44,44,10,4106,G23W1,6-12 months,8/10/16 months
DO_20_1036_023w,DO-20-1036,20,17,23,21,5,4106,G23W1,<=5 months,5 months
DO_20_1036_069w,DO-20-1036,20,25,69,69,16,4106,G23W1,13-18 months,8/10/16 months
DO_2D_4178_069w,DO-2D-4178,2D,125,69,69,16,6539,G28W2,13-18 months,8/10/16 months
DO_2D_4178_096w,DO-2D-4178,2D,126,96,96,22,6539,G28W2,19-24 months,22/28 months
DO_2D_4178_044w,DO-2D-4178,2D,122,44,44,10,6539,G28W2,6-12 months,8/10/16 months
DO_2D_4178_021w,DO-2D-4178,2D,120,21,21,5,6539,G28W2,<=5 months,5 months
DO_2D_4178_122w,DO-2D-4178,2D,127,122,121,28,6539,G28W2,25-30 months,22/28 months
DO_40_2099_148w,DO-40-2099,40,74,148,148,34,5840,G26W1,>=31 months,34+months
DO_40_2099_203w,DO-40-2099,40,129,203,200,46,5840,G26W1,>=31 months,34+months
DO_40_2099_044w,DO-40-2099,40,70,44,44,10,5840,G26W1,6-12 months,8/10/16 months
DO_40_2099_020w,DO-40-2099,40,69,20,21,5,5840,G26W1,<=5 months,5 months
DO_AL_0064_069w,DO-AL-0064,AL,38,69,69,16,4333,G23W2,13-18 months,8/10/16 months
DO_AL_0064_020w,DO-AL-0064,AL,33,20,21,5,4333,G23W2,<=5 months,5 months
DO_20_1077_021w,DO-20-1077,20,46,21,21,5,4973,G24W1,<=5 months,5 months
DO_20_1077_096w,DO-20-1077,20,52,96,96,22,4973,G24W1,19-24 months,22/28 months
DO_20_1077_068w,DO-20-1077,20,51,68,69,16,4973,G24W1,13-18 months,8/10/16 months
DO_20_1178_096w,DO-20-1178,20,126,96,96,22,6533,G28W2,19-24 months,22/28 months
DO_20_1178_148w,DO-20-1178,20,127,148,148,34,6533,G28W2,>=31 months,34+months
DO_20_1178_122w,DO-20-1178,20,127,122,121,28,6533,G28W2,25-30 months,22/28 months
DO_20_1178_021w,DO-20-1178,20,118,21,21,5,6533,G28W2,<=5 months,5 months
DO_20_1178_044w,DO-20-1178,20,121,44,44,10,6533,G28W2,6-12 months,8/10/16 months
DO_AL_0174_021w,DO-AL-0174,AL,107,21,21,5,6470,G28W1,<=5 months,5 months
DO_AL_0174_069w,DO-AL-0174,AL,113,69,69,16,6470,G28W1,13-18 months,8/10/16 months
DO_AL_0148_021w,DO-AL-0148,AL,93,21,21,5,6301,G27W2,<=5 months,5 months
DO_AL_0148_069w,DO-AL-0148,AL,100,69,69,16,6301,G27W2,13-18 months,8/10/16 months
DO_AL_0151_021w,DO-AL-0151,AL,93,21,21,5,6301,G27W2,<=5 months,5 months
DO_20_1137_021w,DO-20-1137,20,84,21,21,5,6185,G27W1,<=5 months,5 months
DO_20_1137_044w,DO-20-1137,20,86,44,44,10,6185,G27W1,6-12 months,8/10/16 months
DO_40_2044_023w,DO-40-2044,40,19,23,21,5,4109,G23W1,<=5 months,5 months
DO_40_2044_069w,DO-40-2044,40,25,69,69,16,4109,G23W1,13-18 months,8/10/16 months
DO_40_2044_096w,DO-40-2044,40,28,96,96,22,4109,G23W1,19-24 months,22/28 months
DO_40_2044_044w,DO-40-2044,40,23,44,44,10,4109,G23W1,6-12 months,8/10/16 months
DO_20_1033_096w,DO-20-1033,20,27,96,96,22,4106,G23W1,19-24 months,22/28 months
DO_20_1033_069w,DO-20-1033,20,25,69,69,16,4106,G23W1,13-18 months,8/10/16 months
DO_20_1033_044w,DO-20-1033,20,22,44,44,10,4106,G23W1,6-12 months,8/10/16 months
DO_20_1033_023w,DO-20-1033,20,17,23,21,5,4106,G23W1,<=5 months,5 months
DO_2D_4121_021w,DO-2D-4121,2D,76,21,21,5,5887,G26W2,<=5 months,5 months
DO_2D_4121_096w,DO-2D-4121,2D,79,96,96,22,5887,G26W2,19-24 months,22/28 months
DO_2D_4121_069w,DO-2D-4121,2D,78,69,69,16,5887,G26W2,13-18 months,8/10/16 months
DO_40_2159_044w,DO-40-2159,40,99,44,44,10,6306,G27W2,6-12 months,8/10/16 months
DO_40_2159_021w,DO-40-2159,40,97,21,21,5,6306,G27W2,<=5 months,5 months
DO_40_2159_069w,DO-40-2159,40,101,69,69,16,6306,G27W2,13-18 months,8/10/16 months
DO_40_2159_096w,DO-40-2159,40,103,96,96,22,6306,G27W2,19-24 months,22/28 months
DO_1D_3181_069w,DO-1D-3181,1D,124,69,69,16,6537,G28W2,13-18 months,8/10/16 months
DO_1D_3181_021w,DO-1D-3181,1D,120,21,21,5,6537,G28W2,<=5 months,5 months
DO_1D_3181_096w,DO-1D-3181,1D,126,96,96,22,6537,G28W2,19-24 months,22/28 months
DO_1D_3181_044w,DO-1D-3181,1D,121,44,44,10,6537,G28W2,6-12 months,8/10/16 months
DO_2D_4172_097w,DO-2D-4172,2D,116,97,96,22,6478,G28W1,19-24 months,22/28 months
DO_2D_4172_044w,DO-2D-4172,2D,113,44,44,10,6478,G28W1,6-12 months,8/10/16 months
DO_2D_4172_069w,DO-2D-4172,2D,114,69,69,16,6478,G28W1,13-18 months,8/10/16 months
DO_AL_0161_097w,DO-AL-0161,AL,114,97,96,22,6469,G28W1,19-24 months,22/28 months
DO_AL_0161_021w,DO-AL-0161,AL,107,21,21,5,6469,G28W1,<=5 months,5 months
DO_AL_0161_069w,DO-AL-0161,AL,113,69,69,16,6469,G28W1,13-18 months,8/10/16 months
DO_AL_0112_020w,DO-AL-0112,AL,68,20,21,5,5837,G26W1,<=5 months,5 months
DO_AL_0112_096w,DO-AL-0112,AL,74,96,96,22,5837,G26W1,19-24 months,22/28 months
DO_AL_0112_121w,DO-AL-0112,AL,81,121,121,28,5837,G26W1,25-30 months,22/28 months
DO_AL_0112_044w,DO-AL-0112,AL,70,44,44,10,5837,G26W1,6-12 months,8/10/16 months
DO_AL_0112_069w,DO-AL-0112,AL,72,69,69,16,5837,G26W1,13-18 months,8/10/16 months
DO_20_1156_174w,DO-20-1156,20,129,174,174,40,6304,G27W2,>=31 months,34+months
DO_20_1156_096w,DO-20-1156,20,102,96,96,22,6304,G27W2,19-24 months,22/28 months
DO_20_1156_148w,DO-20-1156,20,106,148,148,34,6304,G27W2,>=31 months,34+months
DO_20_1156_021w,DO-20-1156,20,96,21,21,5,6304,G27W2,<=5 months,5 months
DO_40_2137_021w,DO-40-2137,40,84,21,21,5,6187,G27W1,<=5 months,5 months
DO_40_2137_069w,DO-40-2137,40,90,69,69,16,6187,G27W1,13-18 months,8/10/16 months
DO_40_2137_044w,DO-40-2137,40,87,44,44,10,6187,G27W1,6-12 months,8/10/16 months
DO_AL_0087_022w,DO-AL-0087,AL,56,22,21,5,5076,G24W2,<=5 months,5 months
DO_AL_0087_069w,DO-AL-0087,AL,62,69,69,16,5076,G24W2,13-18 months,8/10/16 months
DO_AL_0056_096w,DO-AL-0056,AL,41,96,96,22,4332,G23W2,19-24 months,22/28 months
DO_AL_0056_069w,DO-AL-0056,AL,38,69,69,16,4332,G23W2,13-18 months,8/10/16 months
DO_AL_0056_020w,DO-AL-0056,AL,32,20,21,5,4332,G23W2,<=5 months,5 months
DO_40_2010_044w,DO-40-2010,40,1,44,44,10,3303,G22W1,6-12 months,8/10/16 months
DO_40_2010_069w,DO-40-2010,40,5,69,69,16,3303,G22W1,13-18 months,8/10/16 months
DO_40_2010_148w,DO-40-2010,40,7,148,148,34,3303,G22W1,>=31 months,34+months
DO_40_2010_038w,DO-40-2010,40,3,38,35,8,3303,G22W1,6-12 months,8/10/16 months
DO_40_2010_121w,DO-40-2010,40,6,121,121,28,3303,G22W1,25-30 months,22/28 months
DO_40_2010_097w,DO-40-2010,40,6,97,96,22,3303,G22W1,19-24 months,22/28 months
DO_20_1150_096w,DO-20-1150,20,102,96,96,22,6303,G27W2,19-24 months,22/28 months
DO_20_1150_021w,DO-20-1150,20,96,21,21,5,6303,G27W2,<=5 months,5 months
DO_2D_4133_121w,DO-2D-4133,2D,95,121,121,28,6190,G27W1,25-30 months,22/28 months
DO_2D_4133_044w,DO-2D-4133,2D,88,44,44,10,6190,G27W1,6-12 months,8/10/16 months
DO_2D_4133_096w,DO-2D-4133,2D,93,96,96,22,6190,G27W1,19-24 months,22/28 months
DO_2D_4133_069w,DO-2D-4133,2D,91,69,69,16,6190,G27W1,13-18 months,8/10/16 months
DO_20_1079_068w,DO-20-1079,20,51,68,69,16,4973,G24W1,13-18 months,8/10/16 months
DO_20_1079_120w,DO-20-1079,20,55,120,121,28,4973,G24W1,25-30 months,22/28 months
DO_20_1079_021w,DO-20-1079,20,46,21,21,5,4973,G24W1,<=5 months,5 months
DO_20_1079_096w,DO-20-1079,20,53,96,96,22,4973,G24W1,19-24 months,22/28 months
DO_40_2134_021w,DO-40-2134,40,84,21,21,5,6186,G27W1,<=5 months,5 months
DO_40_2134_044w,DO-40-2134,40,87,44,44,10,6186,G27W1,6-12 months,8/10/16 months
DO_40_2134_069w,DO-40-2134,40,90,69,69,16,6186,G27W1,13-18 months,8/10/16 months
DO_AL_0138_069w,DO-AL-0138,AL,89,69,69,16,6183,G27W1,13-18 months,8/10/16 months
DO_AL_0138_021w,DO-AL-0138,AL,83,21,21,5,6183,G27W1,<=5 months,5 months
DO_1D_3172_069w,DO-1D-3172,1D,114,69,69,16,6476,G28W1,13-18 months,8/10/16 months
DO_1D_3172_021w,DO-1D-3172,1D,109,21,21,5,6476,G28W1,<=5 months,5 months
DO_1D_3138_021w,DO-1D-3138,1D,85,21,21,5,6189,G27W1,<=5 months,5 months
DO_1D_3138_069w,DO-1D-3138,1D,91,69,69,16,6189,G27W1,13-18 months,8/10/16 months
DO_1D_3138_096w,DO-1D-3138,1D,93,96,96,22,6189,G27W1,19-24 months,22/28 months
DO_40_2102_148w,DO-40-2102,40,74,148,148,34,5840,G26W1,>=31 months,34+months
DO_40_2102_044w,DO-40-2102,40,70,44,44,10,5840,G26W1,6-12 months,8/10/16 months
DO_40_2102_020w,DO-40-2102,40,69,20,21,5,5840,G26W1,<=5 months,5 months
DO_40_2102_096w,DO-40-2102,40,74,96,96,22,5840,G26W1,19-24 months,22/28 months
DO_20_1001_069w,DO-20-1001,20,4,69,69,16,3299,G22W1,13-18 months,8/10/16 months
DO_20_1001_121w,DO-20-1001,20,6,121,121,28,3299,G22W1,25-30 months,22/28 months
DO_20_1001_174w,DO-20-1001,20,7,174,174,40,3299,G22W1,>=31 months,34+months
DO_20_1001_148w,DO-20-1001,20,7,148,148,34,3299,G22W1,>=31 months,34+months
DO_20_1001_097w,DO-20-1001,20,6,97,96,22,3299,G22W1,19-24 months,22/28 months
DO_20_1184_021w,DO-20-1184,20,118,21,21,5,6533,G28W2,<=5 months,5 months
DO_20_1184_044w,DO-20-1184,20,121,44,44,10,6533,G28W2,6-12 months,8/10/16 months
DO_1D_3169_069w,DO-1D-3169,1D,114,69,69,16,6476,G28W1,13-18 months,8/10/16 months
DO_1D_3169_148w,DO-1D-3169,1D,117,148,148,34,6476,G28W1,>=31 months,34+months
DO_1D_3169_097w,DO-1D-3169,1D,115,97,96,22,6476,G28W1,19-24 months,22/28 months
DO_AL_0005_121w,DO-AL-0005,AL,6,121,121,28,3297,G22W1,25-30 months,22/28 months
DO_AL_0005_044w,DO-AL-0005,AL,1,44,44,10,3297,G22W1,6-12 months,8/10/16 months
DO_AL_0005_097w,DO-AL-0005,AL,6,97,96,22,3297,G22W1,19-24 months,22/28 months
DO_AL_0005_069w,DO-AL-0005,AL,4,69,69,16,3297,G22W1,13-18 months,8/10/16 months
DO_AL_0005_038w,DO-AL-0005,AL,3,38,35,8,3297,G22W1,6-12 months,8/10/16 months
DO_1D_3143_121w,DO-1D-3143,1D,95,121,121,28,6189,G27W1,25-30 months,22/28 months
DO_1D_3143_096w,DO-1D-3143,1D,93,96,96,22,6189,G27W1,19-24 months,22/28 months
DO_1D_3143_044w,DO-1D-3143,1D,88,44,44,10,6189,G27W1,6-12 months,8/10/16 months
DO_1D_3185_096w,DO-1D-3185,1D,126,96,96,22,6538,G28W2,19-24 months,22/28 months
DO_1D_3185_044w,DO-1D-3185,1D,121,44,44,10,6538,G28W2,6-12 months,8/10/16 months
DO_1D_3185_122w,DO-1D-3185,1D,127,122,121,28,6538,G28W2,25-30 months,22/28 months
DO_1D_3185_069w,DO-1D-3185,1D,124,69,69,16,6538,G28W2,13-18 months,8/10/16 months
DO_1D_3185_021w,DO-1D-3185,1D,120,21,21,5,6538,G28W2,<=5 months,5 months
DO_2D_4162_069w,DO-2D-4162,2D,114,69,69,16,6477,G28W1,13-18 months,8/10/16 months
DO_2D_4162_021w,DO-2D-4162,2D,110,21,21,5,6477,G28W1,<=5 months,5 months
DO_2D_4162_097w,DO-2D-4162,2D,115,97,96,22,6477,G28W1,19-24 months,22/28 months
DO_2D_4079_068w,DO-2D-4079,2D,52,68,69,16,4979,G24W1,13-18 months,8/10/16 months
DO_2D_4079_095w,DO-2D-4079,2D,54,95,96,22,4979,G24W1,19-24 months,22/28 months
DO_2D_4079_120w,DO-2D-4079,2D,56,120,121,28,4979,G24W1,25-30 months,22/28 months
DO_2D_4079_148w,DO-2D-4079,2D,56,148,148,34,4979,G24W1,>=31 months,34+months
DO_AL_0059_044w,DO-AL-0059,AL,36,44,44,10,4333,G23W2,6-12 months,8/10/16 months
DO_AL_0059_020w,DO-AL-0059,AL,32,20,21,5,4333,G23W2,<=5 months,5 months
DO_20_1104_044w,DO-20-1104,20,70,44,44,10,5836,G26W1,6-12 months,8/10/16 months
DO_20_1104_020w,DO-20-1104,20,68,20,21,5,5836,G26W1,<=5 months,5 months
DO_20_1104_069w,DO-20-1104,20,72,69,69,16,5836,G26W1,13-18 months,8/10/16 months
DO_20_1041_096w,DO-20-1041,20,27,96,96,22,4107,G23W1,19-24 months,22/28 months
DO_20_1041_044w,DO-20-1041,20,22,44,44,10,4107,G23W1,6-12 months,8/10/16 months
DO_20_1041_069w,DO-20-1041,20,25,69,69,16,4107,G23W1,13-18 months,8/10/16 months
DO_20_1041_121w,DO-20-1041,20,29,121,121,28,4107,G23W1,25-30 months,22/28 months
DO_2D_4155_021w,DO-2D-4155,2D,97,21,21,5,6300,G27W2,<=5 months,5 months
DO_2D_4155_069w,DO-2D-4155,2D,101,69,69,16,6300,G27W2,13-18 months,8/10/16 months
DO_40_2066_148w,DO-40-2066,40,56,148,148,34,4974,G24W1,>=31 months,34+months
DO_40_2066_068w,DO-40-2066,40,51,68,69,16,4974,G24W1,13-18 months,8/10/16 months
DO_40_2066_120w,DO-40-2066,40,55,120,121,28,4974,G24W1,25-30 months,22/28 months
DO_1D_3184_021w,DO-1D-3184,1D,120,21,21,5,6537,G28W2,<=5 months,5 months
DO_1D_3184_044w,DO-1D-3184,1D,121,44,44,10,6537,G28W2,6-12 months,8/10/16 months
DO_1D_3137_069w,DO-1D-3137,1D,91,69,69,16,6189,G27W1,13-18 months,8/10/16 months
DO_1D_3137_121w,DO-1D-3137,1D,95,121,121,28,6189,G27W1,25-30 months,22/28 months
DO_1D_3137_021w,DO-1D-3137,1D,85,21,21,5,6189,G27W1,<=5 months,5 months
DO_2D_4019_174w,DO-2D-4019,2D,16,174,174,40,3397,G22W2,>=31 months,34+months
DO_2D_4019_043w,DO-2D-4019,2D,11,43,44,10,3397,G22W2,6-12 months,8/10/16 months
DO_2D_4019_148w,DO-2D-4019,2D,16,148,148,34,3397,G22W2,>=31 months,34+months
DO_2D_4019_097w,DO-2D-4019,2D,14,97,96,22,3397,G22W2,19-24 months,22/28 months
DO_2D_4019_121w,DO-2D-4019,2D,15,121,121,28,3397,G22W2,25-30 months,22/28 months
DO_2D_4019_069w,DO-2D-4019,2D,13,69,69,16,3397,G22W2,13-18 months,8/10/16 months
DO_2D_4157_069w,DO-2D-4157,2D,101,69,69,16,6300,G27W2,13-18 months,8/10/16 months
DO_2D_4157_044w,DO-2D-4157,2D,100,44,44,10,6300,G27W2,6-12 months,8/10/16 months
DO_2D_4157_121w,DO-2D-4157,2D,106,121,121,28,6300,G27W2,25-30 months,22/28 months
DO_1D_3115_069w,DO-1D-3115,1D,78,69,69,16,5884,G26W2,13-18 months,8/10/16 months
DO_AL_0110_044w,DO-AL-0110,AL,70,44,44,10,5837,G26W1,6-12 months,8/10/16 months
DO_AL_0110_020w,DO-AL-0110,AL,68,20,21,5,5837,G26W1,<=5 months,5 months
DO_AL_0083_096w,DO-AL-0083,AL,64,96,96,22,5076,G24W2,19-24 months,22/28 months
DO_AL_0083_022w,DO-AL-0083,AL,56,22,21,5,5076,G24W2,<=5 months,5 months
DO_AL_0083_069w,DO-AL-0083,AL,62,69,69,16,5076,G24W2,13-18 months,8/10/16 months
DO_1D_3116_044w,DO-1D-3116,1D,77,44,44,10,5884,G26W2,6-12 months,8/10/16 months
DO_1D_3116_096w,DO-1D-3116,1D,79,96,96,22,5884,G26W2,19-24 months,22/28 months
DO_1D_3116_069w,DO-1D-3116,1D,78,69,69,16,5884,G26W2,13-18 months,8/10/16 months
DO_1D_3116_120w,DO-1D-3116,1D,80,120,121,28,5884,G26W2,25-30 months,22/28 months
DO_1D_3116_148w,DO-1D-3116,1D,82,148,148,34,5884,G26W2,>=31 months,34+months
DO_2D_4110_044w,DO-2D-4110,2D,72,44,44,10,5845,G26W1,6-12 months,8/10/16 months
DO_1D_3044_044w,DO-1D-3044,1D,24,44,44,10,4113,G23W1,6-12 months,8/10/16 months
DO_1D_3044_023w,DO-1D-3044,1D,19,23,21,5,4113,G23W1,<=5 months,5 months
DO_1D_3044_096w,DO-1D-3044,1D,28,96,96,22,4113,G23W1,19-24 months,22/28 months
DO_1D_3044_069w,DO-1D-3044,1D,26,69,69,16,4113,G23W1,13-18 months,8/10/16 months
DO_1D_3044_148w,DO-1D-3044,1D,31,148,148,34,4113,G23W1,>=31 months,34+months
DO_1D_3044_121w,DO-1D-3044,1D,30,121,121,28,4113,G23W1,25-30 months,22/28 months
DO_2D_4076_021w,DO-2D-4076,2D,48,21,21,5,4979,G24W1,<=5 months,5 months
DO_2D_4175_021w,DO-2D-4175,2D,110,21,21,5,6478,G28W1,<=5 months,5 months
DO_2D_4015_038w,DO-2D-4015,2D,4,38,35,8,3313,G22W1,6-12 months,8/10/16 months
DO_2D_4015_044w,DO-2D-4015,2D,2,44,44,10,3313,G22W1,6-12 months,8/10/16 months
DO_2D_4015_121w,DO-2D-4015,2D,6,121,121,28,3313,G22W1,25-30 months,22/28 months
DO_2D_4015_097w,DO-2D-4015,2D,6,97,96,22,3313,G22W1,19-24 months,22/28 months
DO_2D_4015_069w,DO-2D-4015,2D,5,69,69,16,3313,G22W1,13-18 months,8/10/16 months
DO_AL_0080_068w,DO-AL-0080,AL,50,68,69,16,4969,G24W1,13-18 months,8/10/16 months
DO_AL_0080_095w,DO-AL-0080,AL,52,95,96,22,4969,G24W1,19-24 months,22/28 months
DO_AL_0080_021w,DO-AL-0080,AL,46,21,21,5,4969,G24W1,<=5 months,5 months
DO_20_1049_069w,DO-20-1049,20,38,69,69,16,4335,G23W2,13-18 months,8/10/16 months
DO_20_1049_020w,DO-20-1049,20,33,20,21,5,4335,G23W2,<=5 months,5 months
DO_1D_3147_021w,DO-1D-3147,1D,97,21,21,5,6307,G27W2,<=5 months,5 months
DO_1D_3126_021w,DO-1D-3126,1D,76,21,21,5,5885,G26W2,<=5 months,5 months
DO_2D_4168_121w,DO-2D-4168,2D,116,121,121,28,6477,G28W1,25-30 months,22/28 months
DO_2D_4168_021w,DO-2D-4168,2D,110,21,21,5,6477,G28W1,<=5 months,5 months
DO_2D_4168_097w,DO-2D-4168,2D,115,97,96,22,6477,G28W1,19-24 months,22/28 months
DO_2D_4168_069w,DO-2D-4168,2D,114,69,69,16,6477,G28W1,13-18 months,8/10/16 months
DO_40_2030_035w,DO-40-2030,40,9,35,35,8,3394,G22W2,6-12 months,8/10/16 months
DO_40_2030_121w,DO-40-2030,40,15,121,121,28,3394,G22W2,25-30 months,22/28 months
DO_40_2030_043w,DO-40-2030,40,11,43,44,10,3394,G22W2,6-12 months,8/10/16 months
DO_40_2030_097w,DO-40-2030,40,14,97,96,22,3394,G22W2,19-24 months,22/28 months
DO_40_2020_069w,DO-40-2020,40,12,69,69,16,3393,G22W2,13-18 months,8/10/16 months
DO_40_2020_043w,DO-40-2020,40,11,43,44,10,3393,G22W2,6-12 months,8/10/16 months
DO_40_2077_021w,DO-40-2077,40,47,21,21,5,4975,G24W1,<=5 months,5 months
DO_40_2077_148w,DO-40-2077,40,56,148,148,34,4975,G24W1,>=31 months,34+months
DO_AL_0095_069w,DO-AL-0095,AL,62,69,69,16,5077,G24W2,13-18 months,8/10/16 months
DO_40_2126_044w,DO-40-2126,40,77,44,44,10,5883,G26W2,6-12 months,8/10/16 months
DO_40_2126_175w,DO-40-2126,40,82,175,174,40,5883,G26W2,>=31 months,34+months
DO_40_2126_148w,DO-40-2126,40,82,148,148,34,5883,G26W2,>=31 months,34+months
DO_40_2126_096w,DO-40-2126,40,79,96,96,22,5883,G26W2,19-24 months,22/28 months
DO_40_2126_069w,DO-40-2126,40,78,69,69,16,5883,G26W2,13-18 months,8/10/16 months
DO_40_2126_120w,DO-40-2126,40,80,120,121,28,5883,G26W2,25-30 months,22/28 months
DO_1D_3016_069w,DO-1D-3016,1D,5,69,69,16,3311,G22W1,13-18 months,8/10/16 months
DO_1D_3016_044w,DO-1D-3016,1D,2,44,44,10,3311,G22W1,6-12 months,8/10/16 months
DO_1D_3016_038w,DO-1D-3016,1D,4,38,35,8,3311,G22W1,6-12 months,8/10/16 months
DO_20_1016_069w,DO-20-1016,20,5,69,69,16,3300,G22W1,13-18 months,8/10/16 months
DO_20_1016_044w,DO-20-1016,20,1,44,44,10,3300,G22W1,6-12 months,8/10/16 months
DO_1D_3081_022w,DO-1D-3081,1D,58,22,21,5,5093,G24W2,<=5 months,5 months
DO_1D_3082_069w,DO-1D-3082,1D,63,69,69,16,5093,G24W2,13-18 months,8/10/16 months
DO_1D_3082_022w,DO-1D-3082,1D,58,22,21,5,5093,G24W2,<=5 months,5 months
DO_1D_3132_069w,DO-1D-3132,1D,90,69,69,16,6188,G27W1,13-18 months,8/10/16 months
DO_1D_3132_021w,DO-1D-3132,1D,85,21,21,5,6188,G27W1,<=5 months,5 months
DO_2D_4108_121w,DO-2D-4108,2D,81,121,121,28,5845,G26W1,25-30 months,22/28 months
DO_2D_4108_044w,DO-2D-4108,2D,72,44,44,10,5845,G26W1,6-12 months,8/10/16 months
DO_2D_4108_096w,DO-2D-4108,2D,74,96,96,22,5845,G26W1,19-24 months,22/28 months
DO_2D_4108_069w,DO-2D-4108,2D,73,69,69,16,5845,G26W1,13-18 months,8/10/16 months
DO_2D_4108_021w,DO-2D-4108,2D,69,21,21,5,5845,G26W1,<=5 months,5 months
DO_40_2192_021w,DO-40-2192,40,120,21,21,5,6536,G28W2,<=5 months,5 months
DO_40_2192_096w,DO-40-2192,40,126,96,96,22,6536,G28W2,19-24 months,22/28 months
DO_40_2192_044w,DO-40-2192,40,121,44,44,10,6536,G28W2,6-12 months,8/10/16 months
DO_40_2192_122w,DO-40-2192,40,127,122,121,28,6536,G28W2,25-30 months,22/28 months
DO_40_2192_069w,DO-40-2192,40,124,69,69,16,6536,G28W2,13-18 months,8/10/16 months
DO_AL_0038_069w,DO-AL-0038,AL,25,69,69,16,4104,G23W1,13-18 months,8/10/16 months
DO_AL_0038_023w,DO-AL-0038,AL,17,23,21,5,4104,G23W1,<=5 months,5 months
DO_40_2033_044w,DO-40-2033,40,23,44,44,10,4108,G23W1,6-12 months,8/10/16 months
DO_40_2033_069w,DO-40-2033,40,25,69,69,16,4108,G23W1,13-18 months,8/10/16 months
DO_40_2123_096w,DO-40-2123,40,79,96,96,22,5883,G26W2,19-24 months,22/28 months
DO_40_2123_044w,DO-40-2123,40,77,44,44,10,5883,G26W2,6-12 months,8/10/16 months
DO_40_2123_021w,DO-40-2123,40,76,21,21,5,5883,G26W2,<=5 months,5 months
DO_40_2123_120w,DO-40-2123,40,80,120,121,28,5883,G26W2,25-30 months,22/28 months
DO_40_2121_044w,DO-40-2121,40,77,44,44,10,5883,G26W2,6-12 months,8/10/16 months
DO_40_2121_021w,DO-40-2121,40,76,21,21,5,5883,G26W2,<=5 months,5 months
DO_2D_4046_096w,DO-2D-4046,2D,29,96,96,22,4115,G23W1,19-24 months,22/28 months
DO_2D_4046_121w,DO-2D-4046,2D,29,121,121,28,4115,G23W1,25-30 months,22/28 months
DO_AL_0188_021w,DO-AL-0188,AL,118,21,21,5,6532,G28W2,<=5 months,5 months
DO_AL_0188_122w,DO-AL-0188,AL,127,122,121,28,6532,G28W2,25-30 months,22/28 months
DO_40_2139_069w,DO-40-2139,40,90,69,69,16,6187,G27W1,13-18 months,8/10/16 months
DO_40_2139_021w,DO-40-2139,40,84,21,21,5,6187,G27W1,<=5 months,5 months
DO_40_2139_044w,DO-40-2139,40,87,44,44,10,6187,G27W1,6-12 months,8/10/16 months
DO_40_2176_121w,DO-40-2176,40,116,121,121,28,6474,G28W1,25-30 months,22/28 months
DO_40_2176_148w,DO-40-2176,40,117,148,148,34,6474,G28W1,>=31 months,34+months
DO_40_2176_021w,DO-40-2176,40,109,21,21,5,6474,G28W1,<=5 months,5 months
DO_40_2176_069w,DO-40-2176,40,114,69,69,16,6474,G28W1,13-18 months,8/10/16 months
DO_20_1132_044w,DO-20-1132,20,86,44,44,10,6184,G27W1,6-12 months,8/10/16 months
DO_20_1132_121w,DO-20-1132,20,94,121,121,28,6184,G27W1,25-30 months,22/28 months
DO_20_1132_096w,DO-20-1132,20,92,96,96,22,6184,G27W1,19-24 months,22/28 months
DO_20_1132_021w,DO-20-1132,20,83,21,21,5,6184,G27W1,<=5 months,5 months
DO_2D_4114_044w,DO-2D-4114,2D,77,44,44,10,5886,G26W2,6-12 months,8/10/16 months
DO_2D_4114_120w,DO-2D-4114,2D,80,120,121,28,5886,G26W2,25-30 months,22/28 months
DO_2D_4114_096w,DO-2D-4114,2D,79,96,96,22,5886,G26W2,19-24 months,22/28 months
DO_2D_4114_148w,DO-2D-4114,2D,82,148,148,34,5886,G26W2,>=31 months,34+months
DO_2D_4114_021w,DO-2D-4114,2D,76,21,21,5,5886,G26W2,<=5 months,5 months
DO_2D_4114_069w,DO-2D-4114,2D,78,69,69,16,5886,G26W2,13-18 months,8/10/16 months
DO_2D_4188_069w,DO-2D-4188,2D,125,69,69,16,6540,G28W2,13-18 months,8/10/16 months
DO_40_2024_201w,DO-40-2024,40,16,201,200,46,3393,G22W2,>=31 months,34+months
DO_40_2024_069w,DO-40-2024,40,12,69,69,16,3393,G22W2,13-18 months,8/10/16 months
DO_40_2024_174w,DO-40-2024,40,16,174,174,40,3393,G22W2,>=31 months,34+months
DO_40_2024_121w,DO-40-2024,40,15,121,121,28,3393,G22W2,25-30 months,22/28 months
DO_40_2024_097w,DO-40-2024,40,14,97,96,22,3393,G22W2,19-24 months,22/28 months
DO_40_2024_043w,DO-40-2024,40,11,43,44,10,3393,G22W2,6-12 months,8/10/16 months
DO_40_2024_035w,DO-40-2024,40,9,35,35,8,3393,G22W2,6-12 months,8/10/16 months
DO_40_2024_148w,DO-40-2024,40,15,148,148,34,3393,G22W2,>=31 months,34+months
DO_1D_3057_096w,DO-1D-3057,1D,43,96,96,22,4341,G23W2,19-24 months,22/28 months
DO_1D_3057_121w,DO-1D-3057,1D,45,121,121,28,4341,G23W2,25-30 months,22/28 months
DO_1D_3057_020w,DO-1D-3057,1D,34,20,21,5,4341,G23W2,<=5 months,5 months
DO_40_2174_097w,DO-40-2174,40,115,97,96,22,6474,G28W1,19-24 months,22/28 months
DO_40_2174_148w,DO-40-2174,40,117,148,148,34,6474,G28W1,>=31 months,34+months
DO_40_2174_069w,DO-40-2174,40,114,69,69,16,6474,G28W1,13-18 months,8/10/16 months
DO_40_2174_121w,DO-40-2174,40,116,121,121,28,6474,G28W1,25-30 months,22/28 months
DO_40_2174_021w,DO-40-2174,40,109,21,21,5,6474,G28W1,<=5 months,5 months
DO_2D_4147_096w,DO-2D-4147,2D,103,96,96,22,6299,G27W2,19-24 months,22/28 months
DO_2D_4147_021w,DO-2D-4147,2D,97,21,21,5,6299,G27W2,<=5 months,5 months
DO_2D_4147_069w,DO-2D-4147,2D,101,69,69,16,6299,G27W2,13-18 months,8/10/16 months
DO_40_2097_020w,DO-40-2097,40,69,20,21,5,5840,G26W1,<=5 months,5 months
DO_40_2097_148w,DO-40-2097,40,74,148,148,34,5840,G26W1,>=31 months,34+months
DO_40_2097_096w,DO-40-2097,40,74,96,96,22,5840,G26W1,19-24 months,22/28 months
DO_40_2097_044w,DO-40-2097,40,70,44,44,10,5840,G26W1,6-12 months,8/10/16 months
DO_AL_0082_022w,DO-AL-0082,AL,56,22,21,5,5076,G24W2,<=5 months,5 months
DO_20_1121_044w,DO-20-1121,20,77,44,44,10,5881,G26W2,6-12 months,8/10/16 months
DO_20_1121_021w,DO-20-1121,20,75,21,21,5,5881,G26W2,<=5 months,5 months
DO_40_2065_095w,DO-40-2065,40,53,95,96,22,4974,G24W1,19-24 months,22/28 months
DO_40_2065_068w,DO-40-2065,40,51,68,69,16,4974,G24W1,13-18 months,8/10/16 months
DO_40_2065_148w,DO-40-2065,40,56,148,148,34,4974,G24W1,>=31 months,34+months
DO_40_2065_021w,DO-40-2065,40,46,21,21,5,4974,G24W1,<=5 months,5 months
DO_40_2065_120w,DO-40-2065,40,55,120,121,28,4974,G24W1,25-30 months,22/28 months
DO_1D_3010_069w,DO-1D-3010,1D,5,69,69,16,3311,G22W1,13-18 months,8/10/16 months
DO_1D_3010_097w,DO-1D-3010,1D,6,97,96,22,3311,G22W1,19-24 months,22/28 months
DO_1D_3010_148w,DO-1D-3010,1D,7,148,148,34,3311,G22W1,>=31 months,34+months
DO_1D_3010_044w,DO-1D-3010,1D,2,44,44,10,3311,G22W1,6-12 months,8/10/16 months
DO_1D_3010_038w,DO-1D-3010,1D,4,38,35,8,3311,G22W1,6-12 months,8/10/16 months
DO_1D_3010_121w,DO-1D-3010,1D,6,121,121,28,3311,G22W1,25-30 months,22/28 months
DO_2D_4112_069w,DO-2D-4112,2D,74,69,69,16,5845,G26W1,13-18 months,8/10/16 months
DO_2D_4112_021w,DO-2D-4112,2D,70,21,21,5,5845,G26W1,<=5 months,5 months
DO_2D_4112_044w,DO-2D-4112,2D,72,44,44,10,5845,G26W1,6-12 months,8/10/16 months
DO_2D_4080_044w,DO-2D-4080,2D,50,44,44,10,4979,G24W1,6-12 months,8/10/16 months
DO_2D_4080_021w,DO-2D-4080,2D,48,21,21,5,4979,G24W1,<=5 months,5 months
DO_2D_4080_095w,DO-2D-4080,2D,54,95,96,22,4979,G24W1,19-24 months,22/28 months
DO_2D_4080_068w,DO-2D-4080,2D,52,68,69,16,4979,G24W1,13-18 months,8/10/16 months
DO_1D_3059_096w,DO-1D-3059,1D,43,96,96,22,4341,G23W2,19-24 months,22/28 months
DO_1D_3059_020w,DO-1D-3059,1D,34,20,21,5,4341,G23W2,<=5 months,5 months
DO_1D_3186_021w,DO-1D-3186,1D,120,21,21,5,6538,G28W2,<=5 months,5 months
DO_1D_3186_069w,DO-1D-3186,1D,124,69,69,16,6538,G28W2,13-18 months,8/10/16 months
DO_1D_3186_044w,DO-1D-3186,1D,121,44,44,10,6538,G28W2,6-12 months,8/10/16 months
DO_AL_0028_069w,DO-AL-0028,AL,12,69,69,16,3390,G22W2,13-18 months,8/10/16 months
DO_AL_0028_121w,DO-AL-0028,AL,15,121,121,28,3390,G22W2,25-30 months,22/28 months
DO_AL_0028_043w,DO-AL-0028,AL,10,43,44,10,3390,G22W2,6-12 months,8/10/16 months
DO_AL_0028_097w,DO-AL-0028,AL,13,97,96,22,3390,G22W2,19-24 months,22/28 months
DO_AL_0028_035w,DO-AL-0028,AL,9,35,35,8,3390,G22W2,6-12 months,8/10/16 months
DO_20_1092_022w,DO-20-1092,20,57,22,21,5,5082,G24W2,<=5 months,5 months
DO_1D_3041_069w,DO-1D-3041,1D,25,69,69,16,4113,G23W1,13-18 months,8/10/16 months
DO_1D_3041_044w,DO-1D-3041,1D,23,44,44,10,4113,G23W1,6-12 months,8/10/16 months
DO_1D_3041_023w,DO-1D-3041,1D,19,23,21,5,4113,G23W1,<=5 months,5 months
DO_2D_4138_021w,DO-2D-4138,2D,85,21,21,5,6191,G27W1,<=5 months,5 months
DO_2D_4138_044w,DO-2D-4138,2D,88,44,44,10,6191,G27W1,6-12 months,8/10/16 months
DO_2D_4187_069w,DO-2D-4187,2D,125,69,69,16,6540,G28W2,13-18 months,8/10/16 months
DO_2D_4063_096w,DO-2D-4063,2D,43,96,96,22,4336,G23W2,19-24 months,22/28 months
DO_2D_4063_044w,DO-2D-4063,2D,37,44,44,10,4336,G23W2,6-12 months,8/10/16 months
DO_2D_4063_020w,DO-2D-4063,2D,35,20,21,5,4336,G23W2,<=5 months,5 months
DO_20_1157_096w,DO-20-1157,20,102,96,96,22,6304,G27W2,19-24 months,22/28 months
DO_20_1157_174w,DO-20-1157,20,129,174,174,40,6304,G27W2,>=31 months,34+months
DO_20_1157_044w,DO-20-1157,20,99,44,44,10,6304,G27W2,6-12 months,8/10/16 months
DO_20_1157_069w,DO-20-1157,20,100,69,69,16,6304,G27W2,13-18 months,8/10/16 months
DO_20_1157_021w,DO-20-1157,20,96,21,21,5,6304,G27W2,<=5 months,5 months
DO_40_2138_021w,DO-40-2138,40,84,21,21,5,6187,G27W1,<=5 months,5 months
DO_40_2138_044w,DO-40-2138,40,87,44,44,10,6187,G27W1,6-12 months,8/10/16 months
DO_40_2138_069w,DO-40-2138,40,90,69,69,16,6187,G27W1,13-18 months,8/10/16 months
DO_20_1168_021w,DO-20-1168,20,108,21,21,5,6471,G28W1,<=5 months,5 months
DO_20_1168_121w,DO-20-1168,20,116,121,121,28,6471,G28W1,25-30 months,22/28 months
DO_20_1168_148w,DO-20-1168,20,117,148,148,34,6471,G28W1,>=31 months,34+months
DO_20_1168_044w,DO-20-1168,20,111,44,44,10,6471,G28W1,6-12 months,8/10/16 months
DO_20_1115_069w,DO-20-1115,20,78,69,69,16,5880,G26W2,13-18 months,8/10/16 months
DO_20_1115_021w,DO-20-1115,20,75,21,21,5,5880,G26W2,<=5 months,5 months
DO_20_1115_044w,DO-20-1115,20,77,44,44,10,5880,G26W2,6-12 months,8/10/16 months
DO_1D_3031_069w,DO-1D-3031,1D,13,69,69,16,3396,G22W2,13-18 months,8/10/16 months
DO_1D_3031_121w,DO-1D-3031,1D,15,121,121,28,3396,G22W2,25-30 months,22/28 months
DO_1D_3031_035w,DO-1D-3031,1D,10,35,35,8,3396,G22W2,6-12 months,8/10/16 months
DO_1D_3015_038w,DO-1D-3015,1D,4,38,35,8,3311,G22W1,6-12 months,8/10/16 months
DO_20_1133_044w,DO-20-1133,20,86,44,44,10,6184,G27W1,6-12 months,8/10/16 months
DO_20_1133_096w,DO-20-1133,20,92,96,96,22,6184,G27W1,19-24 months,22/28 months
DO_20_1133_069w,DO-20-1133,20,89,69,69,16,6184,G27W1,13-18 months,8/10/16 months
DO_20_1133_021w,DO-20-1133,20,83,21,21,5,6184,G27W1,<=5 months,5 months
DO_20_1083_069w,DO-20-1083,20,62,69,69,16,5078,G24W2,13-18 months,8/10/16 months
DO_20_1083_022w,DO-20-1083,20,57,22,21,5,5078,G24W2,<=5 months,5 months
DO_40_2068_148w,DO-40-2068,40,56,148,148,34,4974,G24W1,>=31 months,34+months
DO_40_2068_095w,DO-40-2068,40,53,95,96,22,4974,G24W1,19-24 months,22/28 months
DO_40_2068_120w,DO-40-2068,40,55,120,121,28,4974,G24W1,25-30 months,22/28 months
DO_40_2068_068w,DO-40-2068,40,51,68,69,16,4974,G24W1,13-18 months,8/10/16 months
DO_40_2068_021w,DO-40-2068,40,47,21,21,5,4974,G24W1,<=5 months,5 months
DO_40_2168_174w,DO-40-2168,40,129,174,174,40,6473,G28W1,>=31 months,34+months
DO_40_2168_148w,DO-40-2168,40,117,148,148,34,6473,G28W1,>=31 months,34+months
DO_40_2168_097w,DO-40-2168,40,115,97,96,22,6473,G28W1,19-24 months,22/28 months
DO_40_2168_121w,DO-40-2168,40,116,121,121,28,6473,G28W1,25-30 months,22/28 months
DO_40_2168_021w,DO-40-2168,40,109,21,21,5,6473,G28W1,<=5 months,5 months
DO_40_2168_069w,DO-40-2168,40,114,69,69,16,6473,G28W1,13-18 months,8/10/16 months
DO_1D_3048_069w,DO-1D-3048,1D,26,69,69,16,4113,G23W1,13-18 months,8/10/16 months
DO_1D_3048_044w,DO-1D-3048,1D,24,44,44,10,4113,G23W1,6-12 months,8/10/16 months
DO_1D_3048_023w,DO-1D-3048,1D,19,23,21,5,4113,G23W1,<=5 months,5 months
DO_1D_3048_096w,DO-1D-3048,1D,28,96,96,22,4113,G23W1,19-24 months,22/28 months
DO_1D_3048_148w,DO-1D-3048,1D,31,148,148,34,4113,G23W1,>=31 months,34+months
DO_20_1152_096w,DO-20-1152,20,102,96,96,22,6303,G27W2,19-24 months,22/28 months
DO_20_1152_174w,DO-20-1152,20,129,174,174,40,6303,G27W2,>=31 months,34+months
DO_20_1152_148w,DO-20-1152,20,106,148,148,34,6303,G27W2,>=31 months,34+months
DO_20_1152_044w,DO-20-1152,20,99,44,44,10,6303,G27W2,6-12 months,8/10/16 months
DO_20_1152_069w,DO-20-1152,20,100,69,69,16,6303,G27W2,13-18 months,8/10/16 months
DO_AL_0171_069w,DO-AL-0171,AL,113,69,69,16,6470,G28W1,13-18 months,8/10/16 months
DO_AL_0171_021w,DO-AL-0171,AL,107,21,21,5,6470,G28W1,<=5 months,5 months
DO_AL_0171_044w,DO-AL-0171,AL,111,44,44,10,6470,G28W1,6-12 months,8/10/16 months
DO_AL_0185_122w,DO-AL-0185,AL,127,122,121,28,6532,G28W2,25-30 months,22/28 months
DO_AL_0185_096w,DO-AL-0185,AL,125,96,96,22,6532,G28W2,19-24 months,22/28 months
DO_AL_0185_021w,DO-AL-0185,AL,118,21,21,5,6532,G28W2,<=5 months,5 months
DO_AL_0185_069w,DO-AL-0185,AL,122,69,69,16,6532,G28W2,13-18 months,8/10/16 months
DO_20_1139_096w,DO-20-1139,20,92,96,96,22,6185,G27W1,19-24 months,22/28 months
DO_20_1139_021w,DO-20-1139,20,84,21,21,5,6185,G27W1,<=5 months,5 months
DO_20_1139_044w,DO-20-1139,20,86,44,44,10,6185,G27W1,6-12 months,8/10/16 months
DO_40_2091_022w,DO-40-2091,40,58,22,21,5,5087,G24W2,<=5 months,5 months
DO_40_2091_096w,DO-40-2091,40,65,96,96,22,5087,G24W2,19-24 months,22/28 months
DO_AL_0039_023w,DO-AL-0039,AL,17,23,21,5,4104,G23W1,<=5 months,5 months
DO_AL_0039_069w,DO-AL-0039,AL,25,69,69,16,4104,G23W1,13-18 months,8/10/16 months
DO_2D_4085_121w,DO-2D-4085,2D,67,121,121,28,5095,G24W2,25-30 months,22/28 months
DO_2D_4085_043w,DO-2D-4085,2D,61,43,44,10,5095,G24W2,6-12 months,8/10/16 months
DO_40_2166_021w,DO-40-2166,40,108,21,21,5,6473,G28W1,<=5 months,5 months
DO_20_1088_069w,DO-20-1088,20,62,69,69,16,5078,G24W2,13-18 months,8/10/16 months
DO_20_1088_022w,DO-20-1088,20,57,22,21,5,5078,G24W2,<=5 months,5 months
DO_20_1088_121w,DO-20-1088,20,66,121,121,28,5078,G24W2,25-30 months,22/28 months
DO_20_1088_096w,DO-20-1088,20,66,96,96,22,5078,G24W2,19-24 months,22/28 months
DO_2D_4041_069w,DO-2D-4041,2D,26,69,69,16,4115,G23W1,13-18 months,8/10/16 months
DO_2D_4041_121w,DO-2D-4041,2D,30,121,121,28,4115,G23W1,25-30 months,22/28 months
DO_2D_4041_096w,DO-2D-4041,2D,29,96,96,22,4115,G23W1,19-24 months,22/28 months
DO_1D_3160_044w,DO-1D-3160,1D,100,44,44,10,6308,G27W2,6-12 months,8/10/16 months
DO_1D_3160_021w,DO-1D-3160,1D,97,21,21,5,6308,G27W2,<=5 months,5 months
DO_1D_3160_069w,DO-1D-3160,1D,101,69,69,16,6308,G27W2,13-18 months,8/10/16 months
DO_20_1116_069w,DO-20-1116,20,78,69,69,16,5880,G26W2,13-18 months,8/10/16 months
DO_20_1116_021w,DO-20-1116,20,75,21,21,5,5880,G26W2,<=5 months,5 months
DO_20_1116_120w,DO-20-1116,20,80,120,121,28,5880,G26W2,25-30 months,22/28 months
DO_2D_4142_021w,DO-2D-4142,2D,85,21,21,5,6191,G27W1,<=5 months,5 months
DO_2D_4142_096w,DO-2D-4142,2D,93,96,96,22,6191,G27W1,19-24 months,22/28 months
DO_2D_4142_121w,DO-2D-4142,2D,95,121,121,28,6191,G27W1,25-30 months,22/28 months
DO_2D_4142_069w,DO-2D-4142,2D,91,69,69,16,6191,G27W1,13-18 months,8/10/16 months
DO_40_2004_069w,DO-40-2004,40,5,69,69,16,3302,G22W1,13-18 months,8/10/16 months
DO_40_2004_038w,DO-40-2004,40,3,38,35,8,3302,G22W1,6-12 months,8/10/16 months
DO_40_2004_044w,DO-40-2004,40,1,44,44,10,3302,G22W1,6-12 months,8/10/16 months
DO_1D_3008_044w,DO-1D-3008,1D,2,44,44,10,3308,G22W1,6-12 months,8/10/16 months
DO_1D_3008_069w,DO-1D-3008,1D,5,69,69,16,3308,G22W1,13-18 months,8/10/16 months
DO_1D_3008_038w,DO-1D-3008,1D,4,38,35,8,3308,G22W1,6-12 months,8/10/16 months
DO_AL_0149_096w,DO-AL-0149,AL,101,96,96,22,6301,G27W2,19-24 months,22/28 months
DO_AL_0149_069w,DO-AL-0149,AL,100,69,69,16,6301,G27W2,13-18 months,8/10/16 months
DO_AL_0149_044w,DO-AL-0149,AL,98,44,44,10,6301,G27W2,6-12 months,8/10/16 months
DO_AL_0050_069w,DO-AL-0050,AL,37,69,69,16,4332,G23W2,13-18 months,8/10/16 months
DO_AL_0050_121w,DO-AL-0050,AL,43,121,121,28,4332,G23W2,25-30 months,22/28 months
DO_AL_0050_020w,DO-AL-0050,AL,32,20,21,5,4332,G23W2,<=5 months,5 months
DO_AL_0191_021w,DO-AL-0191,AL,118,21,21,5,6532,G28W2,<=5 months,5 months
DO_AL_0191_044w,DO-AL-0191,AL,121,44,44,10,6532,G28W2,6-12 months,8/10/16 months
DO_2D_4014_069w,DO-2D-4014,2D,5,69,69,16,3313,G22W1,13-18 months,8/10/16 months
DO_2D_4014_044w,DO-2D-4014,2D,2,44,44,10,3313,G22W1,6-12 months,8/10/16 months
DO_2D_4014_038w,DO-2D-4014,2D,4,38,35,8,3313,G22W1,6-12 months,8/10/16 months
DO_2D_4007_044w,DO-2D-4007,2D,2,44,44,10,3312,G22W1,6-12 months,8/10/16 months
DO_2D_4007_069w,DO-2D-4007,2D,5,69,69,16,3312,G22W1,13-18 months,8/10/16 months
DO_2D_4007_097w,DO-2D-4007,2D,6,97,96,22,3312,G22W1,19-24 months,22/28 months
DO_2D_4007_038w,DO-2D-4007,2D,4,38,35,8,3312,G22W1,6-12 months,8/10/16 months
DO_AL_0048_096w,DO-AL-0048,AL,27,96,96,22,4105,G23W1,19-24 months,22/28 months
DO_AL_0048_069w,DO-AL-0048,AL,25,69,69,16,4105,G23W1,13-18 months,8/10/16 months
DO_AL_0048_023w,DO-AL-0048,AL,17,23,21,5,4105,G23W1,<=5 months,5 months
DO_AL_0048_044w,DO-AL-0048,AL,22,44,44,10,4105,G23W1,6-12 months,8/10/16 months
DO_1D_3079_021w,DO-1D-3079,1D,48,21,21,5,4977,G24W1,<=5 months,5 months
DO_1D_3074_021w,DO-1D-3074,1D,48,21,21,5,4977,G24W1,<=5 months,5 months
DO_1D_3074_148w,DO-1D-3074,1D,56,148,148,34,4977,G24W1,>=31 months,34+months
DO_20_1054_044w,DO-20-1054,20,36,44,44,10,4335,G23W2,6-12 months,8/10/16 months
DO_20_1054_148w,DO-20-1054,20,45,148,148,34,4335,G23W2,>=31 months,34+months
DO_20_1054_096w,DO-20-1054,20,41,96,96,22,4335,G23W2,19-24 months,22/28 months
DO_20_1054_069w,DO-20-1054,20,38,69,69,16,4335,G23W2,13-18 months,8/10/16 months
DO_20_1054_121w,DO-20-1054,20,44,121,121,28,4335,G23W2,25-30 months,22/28 months
DO_20_1054_020w,DO-20-1054,20,33,20,21,5,4335,G23W2,<=5 months,5 months
DO_2D_4159_121w,DO-2D-4159,2D,106,121,121,28,6300,G27W2,25-30 months,22/28 months
DO_2D_4159_069w,DO-2D-4159,2D,101,69,69,16,6300,G27W2,13-18 months,8/10/16 months
DO_40_2081_173w,DO-40-2081,40,67,173,174,40,5085,G24W2,>=31 months,34+months
DO_40_2081_022w,DO-40-2081,40,57,22,21,5,5085,G24W2,<=5 months,5 months
DO_40_2081_069w,DO-40-2081,40,63,69,69,16,5085,G24W2,13-18 months,8/10/16 months
DO_40_2081_121w,DO-40-2081,40,66,121,121,28,5085,G24W2,25-30 months,22/28 months
DO_40_2081_096w,DO-40-2081,40,66,96,96,22,5085,G24W2,19-24 months,22/28 months
DO_1D_3023_035w,DO-1D-3023,1D,9,35,35,8,3395,G22W2,6-12 months,8/10/16 months
DO_20_1164_021w,DO-20-1164,20,108,21,21,5,6471,G28W1,<=5 months,5 months
DO_20_1164_121w,DO-20-1164,20,116,121,121,28,6471,G28W1,25-30 months,22/28 months
DO_20_1164_044w,DO-20-1164,20,111,44,44,10,6471,G28W1,6-12 months,8/10/16 months
DO_20_1164_097w,DO-20-1164,20,115,97,96,22,6471,G28W1,19-24 months,22/28 months
DO_1D_3007_069w,DO-1D-3007,1D,5,69,69,16,3308,G22W1,13-18 months,8/10/16 months
DO_1D_3007_038w,DO-1D-3007,1D,4,38,35,8,3308,G22W1,6-12 months,8/10/16 months
DO_1D_3007_044w,DO-1D-3007,1D,2,44,44,10,3308,G22W1,6-12 months,8/10/16 months
DO_1D_3077_068w,DO-1D-3077,1D,52,68,69,16,4977,G24W1,13-18 months,8/10/16 months
DO_1D_3077_021w,DO-1D-3077,1D,48,21,21,5,4977,G24W1,<=5 months,5 months
DO_1D_3092_044w,DO-1D-3092,1D,61,44,44,10,5094,G24W2,6-12 months,8/10/16 months
DO_1D_3092_121w,DO-1D-3092,1D,67,121,121,28,5094,G24W2,25-30 months,22/28 months
DO_1D_3092_069w,DO-1D-3092,1D,64,69,69,16,5094,G24W2,13-18 months,8/10/16 months
DO_1D_3092_096w,DO-1D-3092,1D,65,96,96,22,5094,G24W2,19-24 months,22/28 months
DO_1D_3092_173w,DO-1D-3092,1D,67,173,174,40,5094,G24W2,>=31 months,34+months
DO_1D_3092_148w,DO-1D-3092,1D,67,148,148,34,5094,G24W2,>=31 months,34+months
DO_2D_4124_096w,DO-2D-4124,2D,81,96,96,22,5887,G26W2,19-24 months,22/28 months
DO_2D_4124_069w,DO-2D-4124,2D,78,69,69,16,5887,G26W2,13-18 months,8/10/16 months
DO_2D_4124_120w,DO-2D-4124,2D,80,120,121,28,5887,G26W2,25-30 months,22/28 months
DO_2D_4124_021w,DO-2D-4124,2D,76,21,21,5,5887,G26W2,<=5 months,5 months
DO_2D_4111_069w,DO-2D-4111,2D,73,69,69,16,5845,G26W1,13-18 months,8/10/16 months
DO_2D_4111_021w,DO-2D-4111,2D,70,21,21,5,5845,G26W1,<=5 months,5 months
DO_2D_4118_021w,DO-2D-4118,2D,76,21,21,5,5886,G26W2,<=5 months,5 months
DO_2D_4118_069w,DO-2D-4118,2D,78,69,69,16,5886,G26W2,13-18 months,8/10/16 months
DO_2D_4118_044w,DO-2D-4118,2D,77,44,44,10,5886,G26W2,6-12 months,8/10/16 months
DO_AL_0152_069w,DO-AL-0152,AL,100,69,69,16,6301,G27W2,13-18 months,8/10/16 months
DO_AL_0152_021w,DO-AL-0152,AL,93,21,21,5,6301,G27W2,<=5 months,5 months
DO_40_2172_021w,DO-40-2172,40,109,21,21,5,6474,G28W1,<=5 months,5 months
DO_40_2172_121w,DO-40-2172,40,116,121,121,28,6474,G28W1,25-30 months,22/28 months
DO_40_2172_097w,DO-40-2172,40,115,97,96,22,6474,G28W1,19-24 months,22/28 months
DO_40_2172_069w,DO-40-2172,40,114,69,69,16,6474,G28W1,13-18 months,8/10/16 months
DO_2D_4081_043w,DO-2D-4081,2D,61,43,44,10,5095,G24W2,6-12 months,8/10/16 months
DO_2D_4081_068w,DO-2D-4081,2D,64,68,69,16,5095,G24W2,13-18 months,8/10/16 months
DO_2D_4081_096w,DO-2D-4081,2D,65,96,96,22,5095,G24W2,19-24 months,22/28 months
DO_2D_4081_022w,DO-2D-4081,2D,59,22,21,5,5095,G24W2,<=5 months,5 months
DO_20_1063_121w,DO-20-1063,20,44,121,121,28,4337,G23W2,25-30 months,22/28 months
DO_20_1063_148w,DO-20-1063,20,45,148,148,34,4337,G23W2,>=31 months,34+months
DO_AL_0067_068w,DO-AL-0067,AL,50,68,69,16,4968,G24W1,13-18 months,8/10/16 months
DO_AL_0067_021w,DO-AL-0067,AL,46,21,21,5,4968,G24W1,<=5 months,5 months
DO_AL_0067_044w,DO-AL-0067,AL,48,44,44,10,4968,G24W1,6-12 months,8/10/16 months
DO_40_2173_021w,DO-40-2173,40,109,21,21,5,6474,G28W1,<=5 months,5 months
DO_40_2173_069w,DO-40-2173,40,114,69,69,16,6474,G28W1,13-18 months,8/10/16 months
DO_AL_0136_121w,DO-AL-0136,AL,94,121,121,28,6182,G27W1,25-30 months,22/28 months
DO_AL_0136_021w,DO-AL-0136,AL,83,21,21,5,6182,G27W1,<=5 months,5 months
DO_AL_0136_044w,DO-AL-0136,AL,85,44,44,10,6182,G27W1,6-12 months,8/10/16 months
DO_40_2124_044w,DO-40-2124,40,77,44,44,10,5883,G26W2,6-12 months,8/10/16 months
DO_40_2124_069w,DO-40-2124,40,78,69,69,16,5883,G26W2,13-18 months,8/10/16 months
DO_40_2124_148w,DO-40-2124,40,82,148,148,34,5883,G26W2,>=31 months,34+months
DO_40_2124_021w,DO-40-2124,40,76,21,21,5,5883,G26W2,<=5 months,5 months
DO_40_2124_120w,DO-40-2124,40,80,120,121,28,5883,G26W2,25-30 months,22/28 months
DO_AL_0150_069w,DO-AL-0150,AL,100,69,69,16,6301,G27W2,13-18 months,8/10/16 months
DO_AL_0150_096w,DO-AL-0150,AL,101,96,96,22,6301,G27W2,19-24 months,22/28 months
DO_1D_3054_096w,DO-1D-3054,1D,42,96,96,22,4340,G23W2,19-24 months,22/28 months
DO_AL_0169_044w,DO-AL-0169,AL,111,44,44,10,6470,G28W1,6-12 months,8/10/16 months
DO_AL_0169_069w,DO-AL-0169,AL,113,69,69,16,6470,G28W1,13-18 months,8/10/16 months
DO_AL_0169_021w,DO-AL-0169,AL,107,21,21,5,6470,G28W1,<=5 months,5 months
DO_20_1006_148w,DO-20-1006,20,7,148,148,34,3299,G22W1,>=31 months,34+months
DO_20_1006_044w,DO-20-1006,20,1,44,44,10,3299,G22W1,6-12 months,8/10/16 months
DO_20_1006_121w,DO-20-1006,20,6,121,121,28,3299,G22W1,25-30 months,22/28 months
DO_20_1006_038w,DO-20-1006,20,3,38,35,8,3299,G22W1,6-12 months,8/10/16 months
DO_20_1006_174w,DO-20-1006,20,7,174,174,40,3299,G22W1,>=31 months,34+months
DO_20_1006_097w,DO-20-1006,20,6,97,96,22,3299,G22W1,19-24 months,22/28 months
DO_20_1006_069w,DO-20-1006,20,4,69,69,16,3299,G22W1,13-18 months,8/10/16 months
DO_1D_3099_044w,DO-1D-3099,1D,71,44,44,10,5842,G26W1,6-12 months,8/10/16 months
DO_1D_3099_020w,DO-1D-3099,1D,69,20,21,5,5842,G26W1,<=5 months,5 months
DO_1D_3093_096w,DO-1D-3093,1D,65,96,96,22,5094,G24W2,19-24 months,22/28 months
DO_1D_3093_069w,DO-1D-3093,1D,64,69,69,16,5094,G24W2,13-18 months,8/10/16 months
DO_1D_3093_121w,DO-1D-3093,1D,67,121,121,28,5094,G24W2,25-30 months,22/28 months
DO_20_1093_096w,DO-20-1093,20,66,96,96,22,5082,G24W2,19-24 months,22/28 months
DO_20_1093_121w,DO-20-1093,20,66,121,121,28,5082,G24W2,25-30 months,22/28 months
DO_20_1093_069w,DO-20-1093,20,62,69,69,16,5082,G24W2,13-18 months,8/10/16 months
DO_AL_0031_043w,DO-AL-0031,AL,10,43,44,10,3390,G22W2,6-12 months,8/10/16 months
DO_AL_0031_035w,DO-AL-0031,AL,9,35,35,8,3390,G22W2,6-12 months,8/10/16 months
DO_AL_0031_069w,DO-AL-0031,AL,12,69,69,16,3390,G22W2,13-18 months,8/10/16 months
DO_1D_3098_020w,DO-1D-3098,1D,69,20,21,5,5842,G26W1,<=5 months,5 months
DO_1D_3098_096w,DO-1D-3098,1D,74,96,96,22,5842,G26W1,19-24 months,22/28 months
DO_1D_3098_069w,DO-1D-3098,1D,73,69,69,16,5842,G26W1,13-18 months,8/10/16 months
DO_1D_3098_044w,DO-1D-3098,1D,71,44,44,10,5842,G26W1,6-12 months,8/10/16 months
DO_40_2162_069w,DO-40-2162,40,114,69,69,16,6473,G28W1,13-18 months,8/10/16 months
DO_40_2162_174w,DO-40-2162,40,129,174,174,40,6473,G28W1,>=31 months,34+months
DO_40_2162_044w,DO-40-2162,40,112,44,44,10,6473,G28W1,6-12 months,8/10/16 months
DO_40_2162_021w,DO-40-2162,40,108,21,21,5,6473,G28W1,<=5 months,5 months
DO_40_2069_095w,DO-40-2069,40,53,95,96,22,4974,G24W1,19-24 months,22/28 months
DO_40_2069_068w,DO-40-2069,40,51,68,69,16,4974,G24W1,13-18 months,8/10/16 months
DO_40_2069_120w,DO-40-2069,40,55,120,121,28,4974,G24W1,25-30 months,22/28 months
DO_40_2069_021w,DO-40-2069,40,47,21,21,5,4974,G24W1,<=5 months,5 months
DO_40_2069_148w,DO-40-2069,40,56,148,148,34,4974,G24W1,>=31 months,34+months
DO_AL_0154_021w,DO-AL-0154,AL,96,21,21,5,6302,G27W2,<=5 months,5 months
DO_AL_0154_069w,DO-AL-0154,AL,100,69,69,16,6302,G27W2,13-18 months,8/10/16 months
DO_20_1023_069w,DO-20-1023,20,12,69,69,16,3391,G22W2,13-18 months,8/10/16 months
DO_20_1023_043w,DO-20-1023,20,10,43,44,10,3391,G22W2,6-12 months,8/10/16 months
DO_2D_4140_021w,DO-2D-4140,2D,85,21,21,5,6191,G27W1,<=5 months,5 months
DO_2D_4140_069w,DO-2D-4140,2D,91,69,69,16,6191,G27W1,13-18 months,8/10/16 months
DO_2D_4035_121w,DO-2D-4035,2D,30,121,121,28,4114,G23W1,25-30 months,22/28 months
DO_2D_4035_096w,DO-2D-4035,2D,28,96,96,22,4114,G23W1,19-24 months,22/28 months
DO_2D_4035_148w,DO-2D-4035,2D,31,148,148,34,4114,G23W1,>=31 months,34+months
DO_AL_0065_021w,DO-AL-0065,AL,46,21,21,5,4968,G24W1,<=5 months,5 months
DO_AL_0065_068w,DO-AL-0065,AL,50,68,69,16,4968,G24W1,13-18 months,8/10/16 months
DO_AL_0065_044w,DO-AL-0065,AL,48,44,44,10,4968,G24W1,6-12 months,8/10/16 months
DO_2D_4120_021w,DO-2D-4120,2D,76,21,21,5,5886,G26W2,<=5 months,5 months
DO_1D_3130_069w,DO-1D-3130,1D,90,69,69,16,6188,G27W1,13-18 months,8/10/16 months
DO_2D_4176_021w,DO-2D-4176,2D,110,21,21,5,6478,G28W1,<=5 months,5 months
DO_2D_4176_069w,DO-2D-4176,2D,114,69,69,16,6478,G28W1,13-18 months,8/10/16 months
DO_2D_4176_097w,DO-2D-4176,2D,116,97,96,22,6478,G28W1,19-24 months,22/28 months
DO_2D_4177_069w,DO-2D-4177,2D,125,69,69,16,6539,G28W2,13-18 months,8/10/16 months
DO_2D_4177_044w,DO-2D-4177,2D,121,44,44,10,6539,G28W2,6-12 months,8/10/16 months
DO_2D_4177_021w,DO-2D-4177,2D,120,21,21,5,6539,G28W2,<=5 months,5 months
DO_AL_0052_121w,DO-AL-0052,AL,43,121,121,28,4332,G23W2,25-30 months,22/28 months
DO_AL_0052_096w,DO-AL-0052,AL,41,96,96,22,4332,G23W2,19-24 months,22/28 months
DO_AL_0052_069w,DO-AL-0052,AL,38,69,69,16,4332,G23W2,13-18 months,8/10/16 months
DO_AL_0052_020w,DO-AL-0052,AL,32,20,21,5,4332,G23W2,<=5 months,5 months
DO_AL_0075_068w,DO-AL-0075,AL,50,68,69,16,4969,G24W1,13-18 months,8/10/16 months
DO_AL_0075_095w,DO-AL-0075,AL,52,95,96,22,4969,G24W1,19-24 months,22/28 months
DO_AL_0075_021w,DO-AL-0075,AL,46,21,21,5,4969,G24W1,<=5 months,5 months
DO_20_1084_022w,DO-20-1084,20,57,22,21,5,5078,G24W2,<=5 months,5 months
DO_20_1084_096w,DO-20-1084,20,66,96,96,22,5078,G24W2,19-24 months,22/28 months
DO_2D_4171_121w,DO-2D-4171,2D,116,121,121,28,6478,G28W1,25-30 months,22/28 months
DO_2D_4171_174w,DO-2D-4171,2D,129,174,174,40,6478,G28W1,>=31 months,34+months
DO_2D_4171_021w,DO-2D-4171,2D,110,21,21,5,6478,G28W1,<=5 months,5 months
DO_2D_4171_097w,DO-2D-4171,2D,115,97,96,22,6478,G28W1,19-24 months,22/28 months
DO_2D_4171_069w,DO-2D-4171,2D,114,69,69,16,6478,G28W1,13-18 months,8/10/16 months
DO_20_1187_096w,DO-20-1187,20,126,96,96,22,6534,G28W2,19-24 months,22/28 months
DO_20_1187_069w,DO-20-1187,20,123,69,69,16,6534,G28W2,13-18 months,8/10/16 months
DO_20_1187_021w,DO-20-1187,20,119,21,21,5,6534,G28W2,<=5 months,5 months
DO_20_1187_044w,DO-20-1187,20,121,44,44,10,6534,G28W2,6-12 months,8/10/16 months
DO_20_1123_120w,DO-20-1123,20,80,120,121,28,5881,G26W2,25-30 months,22/28 months
DO_20_1123_148w,DO-20-1123,20,82,148,148,34,5881,G26W2,>=31 months,34+months
DO_20_1123_044w,DO-20-1123,20,77,44,44,10,5881,G26W2,6-12 months,8/10/16 months
DO_20_1123_096w,DO-20-1123,20,79,96,96,22,5881,G26W2,19-24 months,22/28 months
DO_20_1123_175w,DO-20-1123,20,82,175,174,40,5881,G26W2,>=31 months,34+months
DO_40_2034_044w,DO-40-2034,40,23,44,44,10,4108,G23W1,6-12 months,8/10/16 months
DO_40_2034_096w,DO-40-2034,40,27,96,96,22,4108,G23W1,19-24 months,22/28 months
DO_40_2034_069w,DO-40-2034,40,25,69,69,16,4108,G23W1,13-18 months,8/10/16 months
DO_40_2175_121w,DO-40-2175,40,116,121,121,28,6474,G28W1,25-30 months,22/28 months
DO_40_2175_021w,DO-40-2175,40,109,21,21,5,6474,G28W1,<=5 months,5 months
DO_40_2175_069w,DO-40-2175,40,114,69,69,16,6474,G28W1,13-18 months,8/10/16 months
DO_AL_0192_021w,DO-AL-0192,AL,118,21,21,5,6532,G28W2,<=5 months,5 months
DO_AL_0192_044w,DO-AL-0192,AL,121,44,44,10,6532,G28W2,6-12 months,8/10/16 months
DO_2D_4068_044w,DO-2D-4068,2D,50,44,44,10,4978,G24W1,6-12 months,8/10/16 months
DO_2D_4068_021w,DO-2D-4068,2D,48,21,21,5,4978,G24W1,<=5 months,5 months
DO_2D_4151_044w,DO-2D-4151,2D,100,44,44,10,6299,G27W2,6-12 months,8/10/16 months
DO_2D_4151_069w,DO-2D-4151,2D,101,69,69,16,6299,G27W2,13-18 months,8/10/16 months
DO_2D_4151_148w,DO-2D-4151,2D,107,148,148,34,6299,G27W2,>=31 months,34+months
DO_2D_4151_121w,DO-2D-4151,2D,106,121,121,28,6299,G27W2,25-30 months,22/28 months
DO_1D_3061_096w,DO-1D-3061,1D,43,96,96,22,4341,G23W2,19-24 months,22/28 months
DO_1D_3061_121w,DO-1D-3061,1D,45,121,121,28,4341,G23W2,25-30 months,22/28 months
DO_1D_3121_069w,DO-1D-3121,1D,78,69,69,16,5885,G26W2,13-18 months,8/10/16 months
DO_1D_3121_021w,DO-1D-3121,1D,76,21,21,5,5885,G26W2,<=5 months,5 months
DO_1D_3121_096w,DO-1D-3121,1D,79,96,96,22,5885,G26W2,19-24 months,22/28 months
DO_AL_0131_096w,DO-AL-0131,AL,91,96,96,22,6182,G27W1,19-24 months,22/28 months
DO_AL_0131_021w,DO-AL-0131,AL,83,21,21,5,6182,G27W1,<=5 months,5 months
DO_AL_0131_069w,DO-AL-0131,AL,88,69,69,16,6182,G27W1,13-18 months,8/10/16 months
DO_1D_3096_069w,DO-1D-3096,1D,64,69,69,16,5094,G24W2,13-18 months,8/10/16 months
DO_1D_3096_044w,DO-1D-3096,1D,61,44,44,10,5094,G24W2,6-12 months,8/10/16 months
DO_40_2101_044w,DO-40-2101,40,70,44,44,10,5840,G26W1,6-12 months,8/10/16 months
DO_40_2101_069w,DO-40-2101,40,72,69,69,16,5840,G26W1,13-18 months,8/10/16 months
DO_40_2101_096w,DO-40-2101,40,74,96,96,22,5840,G26W1,19-24 months,22/28 months
DO_40_2101_020w,DO-40-2101,40,69,20,21,5,5840,G26W1,<=5 months,5 months
DO_1D_3164_097w,DO-1D-3164,1D,115,97,96,22,6475,G28W1,19-24 months,22/28 months
DO_1D_3164_069w,DO-1D-3164,1D,114,69,69,16,6475,G28W1,13-18 months,8/10/16 months
DO_1D_3164_021w,DO-1D-3164,1D,109,21,21,5,6475,G28W1,<=5 months,5 months
DO_40_2003_121w,DO-40-2003,40,6,121,121,28,3302,G22W1,25-30 months,22/28 months
DO_40_2003_097w,DO-40-2003,40,6,97,96,22,3302,G22W1,19-24 months,22/28 months
DO_40_2003_044w,DO-40-2003,40,1,44,44,10,3302,G22W1,6-12 months,8/10/16 months
DO_40_2003_174w,DO-40-2003,40,7,174,174,40,3302,G22W1,>=31 months,34+months
DO_40_2003_069w,DO-40-2003,40,5,69,69,16,3302,G22W1,13-18 months,8/10/16 months
DO_40_2003_148w,DO-40-2003,40,7,148,148,34,3302,G22W1,>=31 months,34+months
DO_AL_0103_020w,DO-AL-0103,AL,68,20,21,5,5835,G26W1,<=5 months,5 months
DO_AL_0103_096w,DO-AL-0103,AL,74,96,96,22,5835,G26W1,19-24 months,22/28 months
DO_AL_0103_069w,DO-AL-0103,AL,72,69,69,16,5835,G26W1,13-18 months,8/10/16 months
DO_AL_0103_044w,DO-AL-0103,AL,70,44,44,10,5835,G26W1,6-12 months,8/10/16 months
DO_2D_4100_096w,DO-2D-4100,2D,74,96,96,22,5844,G26W1,19-24 months,22/28 months
DO_2D_4100_044w,DO-2D-4100,2D,71,44,44,10,5844,G26W1,6-12 months,8/10/16 months
DO_2D_4100_021w,DO-2D-4100,2D,69,21,21,5,5844,G26W1,<=5 months,5 months
DO_20_1057_121w,DO-20-1057,20,44,121,121,28,4337,G23W2,25-30 months,22/28 months
DO_20_1057_069w,DO-20-1057,20,38,69,69,16,4337,G23W2,13-18 months,8/10/16 months
DO_40_2017_043w,DO-40-2017,40,11,43,44,10,3393,G22W2,6-12 months,8/10/16 months
DO_40_2017_148w,DO-40-2017,40,15,148,148,34,3393,G22W2,>=31 months,34+months
DO_40_2017_069w,DO-40-2017,40,12,69,69,16,3393,G22W2,13-18 months,8/10/16 months
DO_40_2017_174w,DO-40-2017,40,16,174,174,40,3393,G22W2,>=31 months,34+months
DO_40_2017_121w,DO-40-2017,40,15,121,121,28,3393,G22W2,25-30 months,22/28 months
DO_20_1094_022w,DO-20-1094,20,57,22,21,5,5082,G24W2,<=5 months,5 months
DO_20_1094_096w,DO-20-1094,20,66,96,96,22,5082,G24W2,19-24 months,22/28 months
DO_20_1094_069w,DO-20-1094,20,62,69,69,16,5082,G24W2,13-18 months,8/10/16 months
DO_20_1094_121w,DO-20-1094,20,66,121,121,28,5082,G24W2,25-30 months,22/28 months
DO_20_1019_069w,DO-20-1019,20,12,69,69,16,3391,G22W2,13-18 months,8/10/16 months
DO_20_1019_035w,DO-20-1019,20,9,35,35,8,3391,G22W2,6-12 months,8/10/16 months
DO_20_1019_043w,DO-20-1019,20,10,43,44,10,3391,G22W2,6-12 months,8/10/16 months
DO_20_1074_068w,DO-20-1074,20,51,68,69,16,4973,G24W1,13-18 months,8/10/16 months
DO_20_1074_096w,DO-20-1074,20,52,96,96,22,4973,G24W1,19-24 months,22/28 months
DO_20_1074_149w,DO-20-1074,20,56,149,148,34,4973,G24W1,>=31 months,34+months
DO_AL_0055_096w,DO-AL-0055,AL,41,96,96,22,4332,G23W2,19-24 months,22/28 months
DO_AL_0055_020w,DO-AL-0055,AL,32,20,21,5,4332,G23W2,<=5 months,5 months
DO_2D_4005_038w,DO-2D-4005,2D,4,38,35,8,3312,G22W1,6-12 months,8/10/16 months
DO_2D_4005_069w,DO-2D-4005,2D,5,69,69,16,3312,G22W1,13-18 months,8/10/16 months
DO_2D_4005_044w,DO-2D-4005,2D,2,44,44,10,3312,G22W1,6-12 months,8/10/16 months
DO_20_1070_068w,DO-20-1070,20,51,68,69,16,4972,G24W1,13-18 months,8/10/16 months
DO_20_1070_044w,DO-20-1070,20,48,44,44,10,4972,G24W1,6-12 months,8/10/16 months
DO_20_1070_021w,DO-20-1070,20,46,21,21,5,4972,G24W1,<=5 months,5 months
DO_20_1024_069w,DO-20-1024,20,12,69,69,16,3391,G22W2,13-18 months,8/10/16 months
DO_20_1024_097w,DO-20-1024,20,13,97,96,22,3391,G22W2,19-24 months,22/28 months
DO_20_1024_043w,DO-20-1024,20,10,43,44,10,3391,G22W2,6-12 months,8/10/16 months
DO_20_1024_035w,DO-20-1024,20,9,35,35,8,3391,G22W2,6-12 months,8/10/16 months
DO_40_2092_022w,DO-40-2092,40,58,22,21,5,5087,G24W2,<=5 months,5 months
DO_40_2092_069w,DO-40-2092,40,63,69,69,16,5087,G24W2,13-18 months,8/10/16 months
DO_40_2092_121w,DO-40-2092,40,66,121,121,28,5087,G24W2,25-30 months,22/28 months
DO_1D_3045_023w,DO-1D-3045,1D,19,23,21,5,4113,G23W1,<=5 months,5 months
DO_1D_3045_069w,DO-1D-3045,1D,26,69,69,16,4113,G23W1,13-18 months,8/10/16 months
DO_1D_3045_121w,DO-1D-3045,1D,29,121,121,28,4113,G23W1,25-30 months,22/28 months
DO_1D_3045_096w,DO-1D-3045,1D,28,96,96,22,4113,G23W1,19-24 months,22/28 months
DO_1D_3045_148w,DO-1D-3045,1D,31,148,148,34,4113,G23W1,>=31 months,34+months
DO_2D_4042_121w,DO-2D-4042,2D,30,121,121,28,4115,G23W1,25-30 months,22/28 months
DO_2D_4042_148w,DO-2D-4042,2D,31,148,148,34,4115,G23W1,>=31 months,34+months
DO_2D_4042_096w,DO-2D-4042,2D,29,96,96,22,4115,G23W1,19-24 months,22/28 months
DO_2D_4042_069w,DO-2D-4042,2D,26,69,69,16,4115,G23W1,13-18 months,8/10/16 months
DO_1D_3135_121w,DO-1D-3135,1D,95,121,121,28,6188,G27W1,25-30 months,22/28 months
DO_1D_3135_148w,DO-1D-3135,1D,99,148,148,34,6188,G27W1,>=31 months,34+months
DO_1D_3135_069w,DO-1D-3135,1D,91,69,69,16,6188,G27W1,13-18 months,8/10/16 months
DO_2D_4152_069w,DO-2D-4152,2D,101,69,69,16,6299,G27W2,13-18 months,8/10/16 months
DO_2D_4152_044w,DO-2D-4152,2D,100,44,44,10,6299,G27W2,6-12 months,8/10/16 months
DO_20_1029_069w,DO-20-1029,20,12,69,69,16,3392,G22W2,13-18 months,8/10/16 months
DO_20_1029_121w,DO-20-1029,20,15,121,121,28,3392,G22W2,25-30 months,22/28 months
DO_20_1029_201w,DO-20-1029,20,16,201,200,46,3392,G22W2,>=31 months,34+months
DO_20_1029_148w,DO-20-1029,20,15,148,148,34,3392,G22W2,>=31 months,34+months
DO_20_1029_174w,DO-20-1029,20,16,174,174,40,3392,G22W2,>=31 months,34+months
DO_20_1029_097w,DO-20-1029,20,14,97,96,22,3392,G22W2,19-24 months,22/28 months
DO_20_1029_035w,DO-20-1029,20,9,35,35,8,3392,G22W2,6-12 months,8/10/16 months
DO_20_1029_043w,DO-20-1029,20,11,43,44,10,3392,G22W2,6-12 months,8/10/16 months
DO_2D_4117_120w,DO-2D-4117,2D,80,120,121,28,5886,G26W2,25-30 months,22/28 months
DO_2D_4117_044w,DO-2D-4117,2D,77,44,44,10,5886,G26W2,6-12 months,8/10/16 months
DO_2D_4117_069w,DO-2D-4117,2D,78,69,69,16,5886,G26W2,13-18 months,8/10/16 months
DO_2D_4117_096w,DO-2D-4117,2D,79,96,96,22,5886,G26W2,19-24 months,22/28 months
DO_1D_3026_121w,DO-1D-3026,1D,15,121,121,28,3396,G22W2,25-30 months,22/28 months
DO_1D_3026_148w,DO-1D-3026,1D,16,148,148,34,3396,G22W2,>=31 months,34+months
DO_1D_3026_035w,DO-1D-3026,1D,10,35,35,8,3396,G22W2,6-12 months,8/10/16 months
DO_1D_3026_043w,DO-1D-3026,1D,11,43,44,10,3396,G22W2,6-12 months,8/10/16 months
DO_1D_3026_097w,DO-1D-3026,1D,14,97,96,22,3396,G22W2,19-24 months,22/28 months
DO_1D_3026_069w,DO-1D-3026,1D,13,69,69,16,3396,G22W2,13-18 months,8/10/16 months
DO_20_1010_044w,DO-20-1010,20,1,44,44,10,3300,G22W1,6-12 months,8/10/16 months
DO_20_1010_038w,DO-20-1010,20,3,38,35,8,3300,G22W1,6-12 months,8/10/16 months
DO_20_1010_121w,DO-20-1010,20,6,121,121,28,3300,G22W1,25-30 months,22/28 months
DO_20_1010_069w,DO-20-1010,20,5,69,69,16,3300,G22W1,13-18 months,8/10/16 months
DO_20_1010_097w,DO-20-1010,20,6,97,96,22,3300,G22W1,19-24 months,22/28 months
DO_2D_4064_069w,DO-2D-4064,2D,41,69,69,16,4336,G23W2,13-18 months,8/10/16 months
DO_2D_4064_148w,DO-2D-4064,2D,46,148,148,34,4336,G23W2,>=31 months,34+months
DO_2D_4064_096w,DO-2D-4064,2D,43,96,96,22,4336,G23W2,19-24 months,22/28 months
DO_2D_4064_020w,DO-2D-4064,2D,35,20,21,5,4336,G23W2,<=5 months,5 months
DO_2D_4064_121w,DO-2D-4064,2D,45,121,121,28,4336,G23W2,25-30 months,22/28 months
DO_20_1046_121w,DO-20-1046,20,29,121,121,28,4107,G23W1,25-30 months,22/28 months
DO_20_1046_044w,DO-20-1046,20,22,44,44,10,4107,G23W1,6-12 months,8/10/16 months
DO_20_1046_096w,DO-20-1046,20,27,96,96,22,4107,G23W1,19-24 months,22/28 months
DO_20_1135_044w,DO-20-1135,20,86,44,44,10,6184,G27W1,6-12 months,8/10/16 months
DO_20_1135_148w,DO-20-1135,20,99,148,148,34,6184,G27W1,>=31 months,34+months
DO_20_1135_069w,DO-20-1135,20,89,69,69,16,6184,G27W1,13-18 months,8/10/16 months
DO_AL_0177_096w,DO-AL-0177,AL,125,96,96,22,6531,G28W2,19-24 months,22/28 months
DO_AL_0177_069w,DO-AL-0177,AL,122,69,69,16,6531,G28W2,13-18 months,8/10/16 months
DO_AL_0177_021w,DO-AL-0177,AL,118,21,21,5,6531,G28W2,<=5 months,5 months
DO_2D_4163_097w,DO-2D-4163,2D,115,97,96,22,6477,G28W1,19-24 months,22/28 months
DO_2D_4163_021w,DO-2D-4163,2D,110,21,21,5,6477,G28W1,<=5 months,5 months
DO_20_1097_069w,DO-20-1097,20,72,69,69,16,5836,G26W1,13-18 months,8/10/16 months
DO_20_1097_096w,DO-20-1097,20,129,96,96,22,5836,G26W1,19-24 months,22/28 months
DO_20_1097_148w,DO-20-1097,20,74,148,148,34,5836,G26W1,>=31 months,34+months
DO_20_1097_044w,DO-20-1097,20,70,44,44,10,5836,G26W1,6-12 months,8/10/16 months
DO_20_1097_173w,DO-20-1097,20,75,173,174,40,5836,G26W1,>=31 months,34+months
DO_20_1097_020w,DO-20-1097,20,68,20,21,5,5836,G26W1,<=5 months,5 months
DO_1D_3159_096w,DO-1D-3159,1D,103,96,96,22,6308,G27W2,19-24 months,22/28 months
DO_1D_3159_069w,DO-1D-3159,1D,101,69,69,16,6308,G27W2,13-18 months,8/10/16 months
DO_1D_3159_021w,DO-1D-3159,1D,97,21,21,5,6308,G27W2,<=5 months,5 months
DO_AL_0164_044w,DO-AL-0164,AL,110,44,44,10,6469,G28W1,6-12 months,8/10/16 months
DO_AL_0164_097w,DO-AL-0164,AL,114,97,96,22,6469,G28W1,19-24 months,22/28 months
DO_20_1037_096w,DO-20-1037,20,27,96,96,22,4106,G23W1,19-24 months,22/28 months
DO_20_1037_069w,DO-20-1037,20,25,69,69,16,4106,G23W1,13-18 months,8/10/16 months
DO_20_1037_023w,DO-20-1037,20,17,23,21,5,4106,G23W1,<=5 months,5 months
DO_20_1037_044w,DO-20-1037,20,22,44,44,10,4106,G23W1,6-12 months,8/10/16 months
DO_20_1056_020w,DO-20-1056,20,33,20,21,5,4335,G23W2,<=5 months,5 months
DO_20_1056_173w,DO-20-1056,20,46,173,174,40,4335,G23W2,>=31 months,34+months
DO_20_1056_148w,DO-20-1056,20,45,148,148,34,4335,G23W2,>=31 months,34+months
DO_20_1056_096w,DO-20-1056,20,41,96,96,22,4335,G23W2,19-24 months,22/28 months
DO_20_1056_069w,DO-20-1056,20,38,69,69,16,4335,G23W2,13-18 months,8/10/16 months
DO_1D_3051_020w,DO-1D-3051,1D,34,20,21,5,4340,G23W2,<=5 months,5 months
DO_20_1107_020w,DO-20-1107,20,68,20,21,5,5838,G26W1,<=5 months,5 months
DO_1D_3153_069w,DO-1D-3153,1D,101,69,69,16,6308,G27W2,13-18 months,8/10/16 months
DO_1D_3153_044w,DO-1D-3153,1D,99,44,44,10,6308,G27W2,6-12 months,8/10/16 months
DO_1D_3153_096w,DO-1D-3153,1D,103,96,96,22,6308,G27W2,19-24 months,22/28 months
DO_2D_4043_069w,DO-2D-4043,2D,26,69,69,16,4115,G23W1,13-18 months,8/10/16 months
DO_2D_4043_096w,DO-2D-4043,2D,29,96,96,22,4115,G23W1,19-24 months,22/28 months
DO_2D_4043_174w,DO-2D-4043,2D,32,174,174,40,4115,G23W1,>=31 months,34+months
DO_2D_4043_148w,DO-2D-4043,2D,31,148,148,34,4115,G23W1,>=31 months,34+months
DO_2D_4043_121w,DO-2D-4043,2D,30,121,121,28,4115,G23W1,25-30 months,22/28 months
DO_20_1076_021w,DO-20-1076,20,46,21,21,5,4973,G24W1,<=5 months,5 months
DO_40_2095_121w,DO-40-2095,40,67,121,121,28,5087,G24W2,25-30 months,22/28 months
DO_40_2095_069w,DO-40-2095,40,63,69,69,16,5087,G24W2,13-18 months,8/10/16 months
DO_40_2095_022w,DO-40-2095,40,58,22,21,5,5087,G24W2,<=5 months,5 months
DO_20_1190_122w,DO-20-1190,20,127,122,121,28,6534,G28W2,25-30 months,22/28 months
DO_20_1190_044w,DO-20-1190,20,121,44,44,10,6534,G28W2,6-12 months,8/10/16 months
DO_20_1190_021w,DO-20-1190,20,119,21,21,5,6534,G28W2,<=5 months,5 months
DO_20_1190_069w,DO-20-1190,20,123,69,69,16,6534,G28W2,13-18 months,8/10/16 months
DO_AL_0143_069w,DO-AL-0143,AL,89,69,69,16,6183,G27W1,13-18 months,8/10/16 months
DO_AL_0143_044w,DO-AL-0143,AL,86,44,44,10,6183,G27W1,6-12 months,8/10/16 months
DO_AL_0143_021w,DO-AL-0143,AL,83,21,21,5,6183,G27W1,<=5 months,5 months
DO_AL_0143_121w,DO-AL-0143,AL,94,121,121,28,6183,G27W1,25-30 months,22/28 months
DO_2D_4102_044w,DO-2D-4102,2D,71,44,44,10,5844,G26W1,6-12 months,8/10/16 months
DO_2D_4102_069w,DO-2D-4102,2D,73,69,69,16,5844,G26W1,13-18 months,8/10/16 months
DO_2D_4102_096w,DO-2D-4102,2D,74,96,96,22,5844,G26W1,19-24 months,22/28 months
DO_2D_4102_021w,DO-2D-4102,2D,69,21,21,5,5844,G26W1,<=5 months,5 months
DO_1D_3191_069w,DO-1D-3191,1D,124,69,69,16,6538,G28W2,13-18 months,8/10/16 months
DO_1D_3191_096w,DO-1D-3191,1D,126,96,96,22,6538,G28W2,19-24 months,22/28 months
DO_1D_3191_021w,DO-1D-3191,1D,120,21,21,5,6538,G28W2,<=5 months,5 months
DO_1D_3191_044w,DO-1D-3191,1D,121,44,44,10,6538,G28W2,6-12 months,8/10/16 months
DO_20_1098_069w,DO-20-1098,20,72,69,69,16,5836,G26W1,13-18 months,8/10/16 months
DO_20_1098_121w,DO-20-1098,20,81,121,121,28,5836,G26W1,25-30 months,22/28 months
DO_20_1098_044w,DO-20-1098,20,70,44,44,10,5836,G26W1,6-12 months,8/10/16 months
DO_20_1098_020w,DO-20-1098,20,68,20,21,5,5836,G26W1,<=5 months,5 months
DO_AL_0097_069w,DO-AL-0097,AL,72,69,69,16,5835,G26W1,13-18 months,8/10/16 months
DO_AL_0097_044w,DO-AL-0097,AL,70,44,44,10,5835,G26W1,6-12 months,8/10/16 months
DO_AL_0097_096w,DO-AL-0097,AL,74,96,96,22,5835,G26W1,19-24 months,22/28 months
DO_20_1182_021w,DO-20-1182,20,118,21,21,5,6533,G28W2,<=5 months,5 months
DO_20_1182_044w,DO-20-1182,20,121,44,44,10,6533,G28W2,6-12 months,8/10/16 months
DO_AL_0160_021w,DO-AL-0160,AL,96,21,21,5,6302,G27W2,<=5 months,5 months
DO_40_2015_069w,DO-40-2015,40,5,69,69,16,3303,G22W1,13-18 months,8/10/16 months
DO_40_2015_097w,DO-40-2015,40,6,97,96,22,3303,G22W1,19-24 months,22/28 months
DO_40_2015_038w,DO-40-2015,40,3,38,35,8,3303,G22W1,6-12 months,8/10/16 months
DO_AL_0066_068w,DO-AL-0066,AL,50,68,69,16,4968,G24W1,13-18 months,8/10/16 months
DO_AL_0066_044w,DO-AL-0066,AL,48,44,44,10,4968,G24W1,6-12 months,8/10/16 months
DO_AL_0066_148w,DO-AL-0066,AL,56,148,148,34,4968,G24W1,>=31 months,34+months
DO_AL_0066_095w,DO-AL-0066,AL,52,95,96,22,4968,G24W1,19-24 months,22/28 months
DO_2D_4050_096w,DO-2D-4050,2D,43,96,96,22,4334,G23W2,19-24 months,22/28 months
DO_2D_4050_020w,DO-2D-4050,2D,35,20,21,5,4334,G23W2,<=5 months,5 months
DO_2D_4050_148w,DO-2D-4050,2D,46,148,148,34,4334,G23W2,>=31 months,34+months
DO_2D_4050_121w,DO-2D-4050,2D,45,121,121,28,4334,G23W2,25-30 months,22/28 months
DO_2D_4050_069w,DO-2D-4050,2D,40,69,69,16,4334,G23W2,13-18 months,8/10/16 months
DO_2D_4094_069w,DO-2D-4094,2D,64,69,69,16,5096,G24W2,13-18 months,8/10/16 months
DO_2D_4094_044w,DO-2D-4094,2D,61,44,44,10,5096,G24W2,6-12 months,8/10/16 months
DO_2D_4094_096w,DO-2D-4094,2D,66,96,96,22,5096,G24W2,19-24 months,22/28 months
DO_2D_4029_043w,DO-2D-4029,2D,12,43,44,10,3398,G22W2,6-12 months,8/10/16 months
DO_2D_4029_097w,DO-2D-4029,2D,14,97,96,22,3398,G22W2,19-24 months,22/28 months
DO_2D_4029_069w,DO-2D-4029,2D,13,69,69,16,3398,G22W2,13-18 months,8/10/16 months
DO_40_2103_096w,DO-40-2103,40,74,96,96,22,5840,G26W1,19-24 months,22/28 months
DO_40_2103_044w,DO-40-2103,40,70,44,44,10,5840,G26W1,6-12 months,8/10/16 months
DO_AL_0102_096w,DO-AL-0102,AL,74,96,96,22,5835,G26W1,19-24 months,22/28 months
DO_AL_0102_069w,DO-AL-0102,AL,72,69,69,16,5835,G26W1,13-18 months,8/10/16 months
DO_AL_0102_020w,DO-AL-0102,AL,67,20,21,5,5835,G26W1,<=5 months,5 months
DO_AL_0102_044w,DO-AL-0102,AL,70,44,44,10,5835,G26W1,6-12 months,8/10/16 months
DO_40_2062_020w,DO-40-2062,40,34,20,21,5,4339,G23W2,<=5 months,5 months
DO_40_2062_121w,DO-40-2062,40,45,121,121,28,4339,G23W2,25-30 months,22/28 months
DO_40_2062_069w,DO-40-2062,40,39,69,69,16,4339,G23W2,13-18 months,8/10/16 months
DO_40_2062_148w,DO-40-2062,40,45,148,148,34,4339,G23W2,>=31 months,34+months
DO_40_2062_173w,DO-40-2062,40,46,173,174,40,4339,G23W2,>=31 months,34+months
DO_40_2038_044w,DO-40-2038,40,23,44,44,10,4108,G23W1,6-12 months,8/10/16 months
DO_40_2038_096w,DO-40-2038,40,27,96,96,22,4108,G23W1,19-24 months,22/28 months
DO_1D_3128_021w,DO-1D-3128,1D,76,21,21,5,5885,G26W2,<=5 months,5 months
DO_AL_0045_069w,DO-AL-0045,AL,25,69,69,16,4105,G23W1,13-18 months,8/10/16 months
DO_AL_0045_044w,DO-AL-0045,AL,22,44,44,10,4105,G23W1,6-12 months,8/10/16 months
DO_AL_0045_096w,DO-AL-0045,AL,27,96,96,22,4105,G23W1,19-24 months,22/28 months
DO_AL_0045_023w,DO-AL-0045,AL,17,23,21,5,4105,G23W1,<=5 months,5 months
DO_AL_0045_121w,DO-AL-0045,AL,29,121,121,28,4105,G23W1,25-30 months,22/28 months
DO_40_2147_069w,DO-40-2147,40,101,69,69,16,6305,G27W2,13-18 months,8/10/16 months
DO_40_2147_096w,DO-40-2147,40,102,96,96,22,6305,G27W2,19-24 months,22/28 months
DO_40_2147_044w,DO-40-2147,40,99,44,44,10,6305,G27W2,6-12 months,8/10/16 months
DO_2D_4125_069w,DO-2D-4125,2D,78,69,69,16,5887,G26W2,13-18 months,8/10/16 months
DO_2D_4125_044w,DO-2D-4125,2D,77,44,44,10,5887,G26W2,6-12 months,8/10/16 months
DO_2D_4125_096w,DO-2D-4125,2D,80,96,96,22,5887,G26W2,19-24 months,22/28 months
DO_40_2019_121w,DO-40-2019,40,15,121,121,28,3393,G22W2,25-30 months,22/28 months
DO_40_2019_148w,DO-40-2019,40,15,148,148,34,3393,G22W2,>=31 months,34+months
DO_40_2019_097w,DO-40-2019,40,14,97,96,22,3393,G22W2,19-24 months,22/28 months
DO_40_2019_043w,DO-40-2019,40,11,43,44,10,3393,G22W2,6-12 months,8/10/16 months
DO_40_2019_069w,DO-40-2019,40,12,69,69,16,3393,G22W2,13-18 months,8/10/16 months
DO_40_2019_035w,DO-40-2019,40,9,35,35,8,3393,G22W2,6-12 months,8/10/16 months
DO_AL_0025_097w,DO-AL-0025,AL,13,97,96,22,3390,G22W2,19-24 months,22/28 months
DO_AL_0025_069w,DO-AL-0025,AL,12,69,69,16,3390,G22W2,13-18 months,8/10/16 months
DO_AL_0025_121w,DO-AL-0025,AL,15,121,121,28,3390,G22W2,25-30 months,22/28 months
DO_AL_0025_043w,DO-AL-0025,AL,10,43,44,10,3390,G22W2,6-12 months,8/10/16 months
DO_AL_0025_035w,DO-AL-0025,AL,9,35,35,8,3390,G22W2,6-12 months,8/10/16 months
DO_40_2127_021w,DO-40-2127,40,76,21,21,5,5883,G26W2,<=5 months,5 months
DO_40_2127_096w,DO-40-2127,40,79,96,96,22,5883,G26W2,19-24 months,22/28 months
DO_40_2127_044w,DO-40-2127,40,77,44,44,10,5883,G26W2,6-12 months,8/10/16 months
DO_2D_4181_069w,DO-2D-4181,2D,125,69,69,16,6539,G28W2,13-18 months,8/10/16 months
DO_1D_3127_021w,DO-1D-3127,1D,76,21,21,5,5885,G26W2,<=5 months,5 months
DO_1D_3127_044w,DO-1D-3127,1D,77,44,44,10,5885,G26W2,6-12 months,8/10/16 months
DO_40_2052_020w,DO-40-2052,40,33,20,21,5,4338,G23W2,<=5 months,5 months
DO_40_2052_121w,DO-40-2052,40,44,121,121,28,4338,G23W2,25-30 months,22/28 months
DO_40_2028_035w,DO-40-2028,40,9,35,35,8,3394,G22W2,6-12 months,8/10/16 months
DO_40_2028_069w,DO-40-2028,40,12,69,69,16,3394,G22W2,13-18 months,8/10/16 months
DO_40_2028_174w,DO-40-2028,40,16,174,174,40,3394,G22W2,>=31 months,34+months
DO_40_2028_148w,DO-40-2028,40,16,148,148,34,3394,G22W2,>=31 months,34+months
DO_40_2028_043w,DO-40-2028,40,11,43,44,10,3394,G22W2,6-12 months,8/10/16 months
DO_40_2028_097w,DO-40-2028,40,14,97,96,22,3394,G22W2,19-24 months,22/28 months
DO_40_2028_121w,DO-40-2028,40,15,121,121,28,3394,G22W2,25-30 months,22/28 months
DO_40_2028_201w,DO-40-2028,40,16,201,200,46,3394,G22W2,>=31 months,34+months
DO_AL_0114_069w,DO-AL-0114,AL,77,69,69,16,5878,G26W2,13-18 months,8/10/16 months
DO_AL_0114_096w,DO-AL-0114,AL,78,96,96,22,5878,G26W2,19-24 months,22/28 months
DO_AL_0114_021w,DO-AL-0114,AL,75,21,21,5,5878,G26W2,<=5 months,5 months
DO_40_2090_121w,DO-40-2090,40,66,121,121,28,5087,G24W2,25-30 months,22/28 months
DO_40_2090_069w,DO-40-2090,40,63,69,69,16,5087,G24W2,13-18 months,8/10/16 months
DO_40_2090_148w,DO-40-2090,40,67,148,148,34,5087,G24W2,>=31 months,34+months
DO_40_2090_096w,DO-40-2090,40,66,96,96,22,5087,G24W2,19-24 months,22/28 months
DO_1D_3154_121w,DO-1D-3154,1D,105,121,121,28,6308,G27W2,25-30 months,22/28 months
DO_1D_3154_069w,DO-1D-3154,1D,101,69,69,16,6308,G27W2,13-18 months,8/10/16 months
DO_1D_3154_021w,DO-1D-3154,1D,97,21,21,5,6308,G27W2,<=5 months,5 months
DO_1D_3154_096w,DO-1D-3154,1D,103,96,96,22,6308,G27W2,19-24 months,22/28 months
DO_2D_4073_021w,DO-2D-4073,2D,48,21,21,5,4979,G24W1,<=5 months,5 months
DO_2D_4092_044w,DO-2D-4092,2D,61,44,44,10,5096,G24W2,6-12 months,8/10/16 months
DO_2D_4092_069w,DO-2D-4092,2D,64,69,69,16,5096,G24W2,13-18 months,8/10/16 months
DO_2D_4092_096w,DO-2D-4092,2D,66,96,96,22,5096,G24W2,19-24 months,22/28 months
DO_2D_4092_121w,DO-2D-4092,2D,67,121,121,28,5096,G24W2,25-30 months,22/28 months
DO_2D_4092_022w,DO-2D-4092,2D,59,22,21,5,5096,G24W2,<=5 months,5 months
DO_AL_0165_021w,DO-AL-0165,AL,107,21,21,5,6469,G28W1,<=5 months,5 months
DO_1D_3068_068w,DO-1D-3068,1D,52,68,69,16,4976,G24W1,13-18 months,8/10/16 months
DO_1D_3068_095w,DO-1D-3068,1D,53,95,96,22,4976,G24W1,19-24 months,22/28 months
DO_20_1022_043w,DO-20-1022,20,10,43,44,10,3391,G22W2,6-12 months,8/10/16 months
DO_20_1022_035w,DO-20-1022,20,9,35,35,8,3391,G22W2,6-12 months,8/10/16 months
DO_20_1022_148w,DO-20-1022,20,15,148,148,34,3391,G22W2,>=31 months,34+months
DO_20_1022_097w,DO-20-1022,20,13,97,96,22,3391,G22W2,19-24 months,22/28 months
DO_20_1022_174w,DO-20-1022,20,16,174,174,40,3391,G22W2,>=31 months,34+months
DO_20_1022_121w,DO-20-1022,20,15,121,121,28,3391,G22W2,25-30 months,22/28 months
DO_20_1022_069w,DO-20-1022,20,12,69,69,16,3391,G22W2,13-18 months,8/10/16 months
DO_1D_3148_044w,DO-1D-3148,1D,99,44,44,10,6307,G27W2,6-12 months,8/10/16 months
DO_1D_3148_021w,DO-1D-3148,1D,97,21,21,5,6307,G27W2,<=5 months,5 months
DO_1D_3148_069w,DO-1D-3148,1D,101,69,69,16,6307,G27W2,13-18 months,8/10/16 months
DO_2D_4098_044w,DO-2D-4098,2D,71,44,44,10,5844,G26W1,6-12 months,8/10/16 months
DO_2D_4098_021w,DO-2D-4098,2D,69,21,21,5,5844,G26W1,<=5 months,5 months
DO_1D_3004_069w,DO-1D-3004,1D,5,69,69,16,3308,G22W1,13-18 months,8/10/16 months
DO_1D_3004_044w,DO-1D-3004,1D,2,44,44,10,3308,G22W1,6-12 months,8/10/16 months
DO_1D_3004_038w,DO-1D-3004,1D,4,38,35,8,3308,G22W1,6-12 months,8/10/16 months
DO_1D_3168_121w,DO-1D-3168,1D,116,121,121,28,6475,G28W1,25-30 months,22/28 months
DO_1D_3168_069w,DO-1D-3168,1D,114,69,69,16,6475,G28W1,13-18 months,8/10/16 months
DO_1D_3168_021w,DO-1D-3168,1D,109,21,21,5,6475,G28W1,<=5 months,5 months
DO_1D_3168_097w,DO-1D-3168,1D,115,97,96,22,6475,G28W1,19-24 months,22/28 months
DO_1D_3168_148w,DO-1D-3168,1D,117,148,148,34,6475,G28W1,>=31 months,34+months
DO_AL_0058_096w,DO-AL-0058,AL,41,96,96,22,4333,G23W2,19-24 months,22/28 months
DO_AL_0058_020w,DO-AL-0058,AL,32,20,21,5,4333,G23W2,<=5 months,5 months
DO_1D_3133_069w,DO-1D-3133,1D,90,69,69,16,6188,G27W1,13-18 months,8/10/16 months
DO_1D_3012_044w,DO-1D-3012,1D,2,44,44,10,3311,G22W1,6-12 months,8/10/16 months
DO_1D_3012_069w,DO-1D-3012,1D,5,69,69,16,3311,G22W1,13-18 months,8/10/16 months
DO_1D_3012_038w,DO-1D-3012,1D,4,38,35,8,3311,G22W1,6-12 months,8/10/16 months
DO_1D_3144_021w,DO-1D-3144,1D,85,21,21,5,6189,G27W1,<=5 months,5 months
DO_20_1140_069w,DO-20-1140,20,89,69,69,16,6185,G27W1,13-18 months,8/10/16 months
DO_20_1140_021w,DO-20-1140,20,84,21,21,5,6185,G27W1,<=5 months,5 months
DO_20_1140_044w,DO-20-1140,20,86,44,44,10,6185,G27W1,6-12 months,8/10/16 months
DO_20_1128_069w,DO-20-1128,20,78,69,69,16,5881,G26W2,13-18 months,8/10/16 months
DO_20_1128_120w,DO-20-1128,20,80,120,121,28,5881,G26W2,25-30 months,22/28 months
DO_20_1128_044w,DO-20-1128,20,77,44,44,10,5881,G26W2,6-12 months,8/10/16 months
DO_20_1128_021w,DO-20-1128,20,75,21,21,5,5881,G26W2,<=5 months,5 months
DO_1D_3097_096w,DO-1D-3097,1D,74,96,96,22,5842,G26W1,19-24 months,22/28 months
DO_1D_3097_020w,DO-1D-3097,1D,69,20,21,5,5842,G26W1,<=5 months,5 months
DO_1D_3097_069w,DO-1D-3097,1D,73,69,69,16,5842,G26W1,13-18 months,8/10/16 months
DO_1D_3097_044w,DO-1D-3097,1D,71,44,44,10,5842,G26W1,6-12 months,8/10/16 months
DO_1D_3156_096w,DO-1D-3156,1D,103,96,96,22,6308,G27W2,19-24 months,22/28 months
DO_1D_3156_069w,DO-1D-3156,1D,101,69,69,16,6308,G27W2,13-18 months,8/10/16 months
DO_1D_3156_021w,DO-1D-3156,1D,97,21,21,5,6308,G27W2,<=5 months,5 months
DO_AL_0140_121w,DO-AL-0140,AL,94,121,121,28,6183,G27W1,25-30 months,22/28 months
DO_AL_0140_021w,DO-AL-0140,AL,83,21,21,5,6183,G27W1,<=5 months,5 months
DO_AL_0140_044w,DO-AL-0140,AL,86,44,44,10,6183,G27W1,6-12 months,8/10/16 months
DO_AL_0140_096w,DO-AL-0140,AL,92,96,96,22,6183,G27W1,19-24 months,22/28 months
DO_AL_0140_069w,DO-AL-0140,AL,89,69,69,16,6183,G27W1,13-18 months,8/10/16 months
DO_1D_3109_069w,DO-1D-3109,1D,73,69,69,16,5843,G26W1,13-18 months,8/10/16 months
DO_1D_3109_020w,DO-1D-3109,1D,69,20,21,5,5843,G26W1,<=5 months,5 months
DO_2D_4020_043w,DO-2D-4020,2D,11,43,44,10,3397,G22W2,6-12 months,8/10/16 months
DO_2D_4020_069w,DO-2D-4020,2D,13,69,69,16,3397,G22W2,13-18 months,8/10/16 months
DO_20_1047_096w,DO-20-1047,20,27,96,96,22,4107,G23W1,19-24 months,22/28 months
DO_20_1047_069w,DO-20-1047,20,25,69,69,16,4107,G23W1,13-18 months,8/10/16 months
DO_20_1047_023w,DO-20-1047,20,18,23,21,5,4107,G23W1,<=5 months,5 months
DO_2D_4052_121w,DO-2D-4052,2D,45,121,121,28,4334,G23W2,25-30 months,22/28 months
DO_2D_4052_096w,DO-2D-4052,2D,43,96,96,22,4334,G23W2,19-24 months,22/28 months
DO_2D_4052_020w,DO-2D-4052,2D,35,20,21,5,4334,G23W2,<=5 months,5 months
DO_2D_4052_069w,DO-2D-4052,2D,40,69,69,16,4334,G23W2,13-18 months,8/10/16 months
DO_2D_4071_120w,DO-2D-4071,2D,55,120,121,28,4978,G24W1,25-30 months,22/28 months
DO_2D_4071_068w,DO-2D-4071,2D,52,68,69,16,4978,G24W1,13-18 months,8/10/16 months
DO_2D_4071_021w,DO-2D-4071,2D,48,21,21,5,4978,G24W1,<=5 months,5 months
DO_2D_4071_095w,DO-2D-4071,2D,54,95,96,22,4978,G24W1,19-24 months,22/28 months
DO_2D_4128_096w,DO-2D-4128,2D,80,96,96,22,5887,G26W2,19-24 months,22/28 months
DO_2D_4128_069w,DO-2D-4128,2D,78,69,69,16,5887,G26W2,13-18 months,8/10/16 months
DO_2D_4128_148w,DO-2D-4128,2D,82,148,148,34,5887,G26W2,>=31 months,34+months
DO_2D_4128_021w,DO-2D-4128,2D,76,21,21,5,5887,G26W2,<=5 months,5 months
DO_2D_4128_044w,DO-2D-4128,2D,77,44,44,10,5887,G26W2,6-12 months,8/10/16 months
DO_2D_4128_120w,DO-2D-4128,2D,80,120,121,28,5887,G26W2,25-30 months,22/28 months
DO_40_2051_096w,DO-40-2051,40,42,96,96,22,4338,G23W2,19-24 months,22/28 months
DO_40_2051_069w,DO-40-2051,40,39,69,69,16,4338,G23W2,13-18 months,8/10/16 months
DO_40_2051_121w,DO-40-2051,40,44,121,121,28,4338,G23W2,25-30 months,22/28 months
DO_2D_4058_121w,DO-2D-4058,2D,45,121,121,28,4336,G23W2,25-30 months,22/28 months
DO_2D_4058_148w,DO-2D-4058,2D,45,148,148,34,4336,G23W2,>=31 months,34+months
DO_2D_4058_020w,DO-2D-4058,2D,35,20,21,5,4336,G23W2,<=5 months,5 months
DO_AL_0120_021w,DO-AL-0120,AL,75,21,21,5,5878,G26W2,<=5 months,5 months
DO_20_1119_120w,DO-20-1119,20,80,120,121,28,5880,G26W2,25-30 months,22/28 months
DO_20_1119_021w,DO-20-1119,20,75,21,21,5,5880,G26W2,<=5 months,5 months
DO_20_1119_044w,DO-20-1119,20,77,44,44,10,5880,G26W2,6-12 months,8/10/16 months
DO_40_2049_020w,DO-40-2049,40,33,20,21,5,4338,G23W2,<=5 months,5 months
DO_1D_3095_069w,DO-1D-3095,1D,64,69,69,16,5094,G24W2,13-18 months,8/10/16 months
DO_1D_3095_044w,DO-1D-3095,1D,61,44,44,10,5094,G24W2,6-12 months,8/10/16 months
DO_1D_3095_022w,DO-1D-3095,1D,59,22,21,5,5094,G24W2,<=5 months,5 months
DO_1D_3095_121w,DO-1D-3095,1D,67,121,121,28,5094,G24W2,25-30 months,22/28 months
DO_1D_3095_096w,DO-1D-3095,1D,65,96,96,22,5094,G24W2,19-24 months,22/28 months
DO_AL_0142_069w,DO-AL-0142,AL,89,69,69,16,6183,G27W1,13-18 months,8/10/16 months
DO_AL_0142_121w,DO-AL-0142,AL,94,121,121,28,6183,G27W1,25-30 months,22/28 months
DO_AL_0142_044w,DO-AL-0142,AL,86,44,44,10,6183,G27W1,6-12 months,8/10/16 months
DO_40_2056_096w,DO-40-2056,40,42,96,96,22,4338,G23W2,19-24 months,22/28 months
DO_40_2056_069w,DO-40-2056,40,39,69,69,16,4338,G23W2,13-18 months,8/10/16 months
DO_2D_4119_044w,DO-2D-4119,2D,77,44,44,10,5886,G26W2,6-12 months,8/10/16 months
DO_2D_4119_069w,DO-2D-4119,2D,78,69,69,16,5886,G26W2,13-18 months,8/10/16 months
DO_2D_4119_120w,DO-2D-4119,2D,80,120,121,28,5886,G26W2,25-30 months,22/28 months
DO_2D_4119_021w,DO-2D-4119,2D,76,21,21,5,5886,G26W2,<=5 months,5 months
DO_1D_3182_069w,DO-1D-3182,1D,124,69,69,16,6537,G28W2,13-18 months,8/10/16 months
DO_1D_3182_044w,DO-1D-3182,1D,121,44,44,10,6537,G28W2,6-12 months,8/10/16 months
DO_1D_3182_122w,DO-1D-3182,1D,127,122,121,28,6537,G28W2,25-30 months,22/28 months
DO_AL_0134_069w,DO-AL-0134,AL,88,69,69,16,6182,G27W1,13-18 months,8/10/16 months
DO_AL_0134_096w,DO-AL-0134,AL,92,96,96,22,6182,G27W1,19-24 months,22/28 months
DO_AL_0134_021w,DO-AL-0134,AL,83,21,21,5,6182,G27W1,<=5 months,5 months
DO_AL_0134_044w,DO-AL-0134,AL,85,44,44,10,6182,G27W1,6-12 months,8/10/16 months
DO_2D_4139_021w,DO-2D-4139,2D,85,21,21,5,6191,G27W1,<=5 months,5 months
DO_1D_3105_020w,DO-1D-3105,1D,69,20,21,5,5843,G26W1,<=5 months,5 months
DO_2D_4096_069w,DO-2D-4096,2D,64,69,69,16,5096,G24W2,13-18 months,8/10/16 months
DO_2D_4096_096w,DO-2D-4096,2D,66,96,96,22,5096,G24W2,19-24 months,22/28 months
DO_2D_4096_022w,DO-2D-4096,2D,59,22,21,5,5096,G24W2,<=5 months,5 months
DO_2D_4096_044w,DO-2D-4096,2D,61,44,44,10,5096,G24W2,6-12 months,8/10/16 months
DO_20_1078_148w,DO-20-1078,20,56,148,148,34,4973,G24W1,>=31 months,34+months
DO_20_1078_096w,DO-20-1078,20,53,96,96,22,4973,G24W1,19-24 months,22/28 months
DO_20_1078_120w,DO-20-1078,20,55,120,121,28,4973,G24W1,25-30 months,22/28 months
DO_20_1078_021w,DO-20-1078,20,46,21,21,5,4973,G24W1,<=5 months,5 months
DO_20_1078_068w,DO-20-1078,20,51,68,69,16,4973,G24W1,13-18 months,8/10/16 months
DO_40_2182_021w,DO-40-2182,40,119,21,21,5,6535,G28W2,<=5 months,5 months
DO_40_2182_096w,DO-40-2182,40,126,96,96,22,6535,G28W2,19-24 months,22/28 months
DO_40_2182_122w,DO-40-2182,40,127,122,121,28,6535,G28W2,25-30 months,22/28 months
DO_40_2182_044w,DO-40-2182,40,121,44,44,10,6535,G28W2,6-12 months,8/10/16 months
DO_40_2182_069w,DO-40-2182,40,123,69,69,16,6535,G28W2,13-18 months,8/10/16 months
DO_AL_0014_038w,DO-AL-0014,AL,3,38,35,8,3298,G22W1,6-12 months,8/10/16 months
DO_AL_0014_097w,DO-AL-0014,AL,6,97,96,22,3298,G22W1,19-24 months,22/28 months
DO_AL_0014_044w,DO-AL-0014,AL,1,44,44,10,3298,G22W1,6-12 months,8/10/16 months
DO_AL_0014_069w,DO-AL-0014,AL,4,69,69,16,3298,G22W1,13-18 months,8/10/16 months
DO_20_1066_120w,DO-20-1066,20,54,120,121,28,4972,G24W1,25-30 months,22/28 months
DO_20_1066_174w,DO-20-1066,20,56,174,174,40,4972,G24W1,>=31 months,34+months
DO_20_1066_149w,DO-20-1066,20,56,149,148,34,4972,G24W1,>=31 months,34+months
DO_20_1146_021w,DO-20-1146,20,96,21,21,5,6303,G27W2,<=5 months,5 months
DO_20_1146_069w,DO-20-1146,20,100,69,69,16,6303,G27W2,13-18 months,8/10/16 months
DO_20_1146_044w,DO-20-1146,20,98,44,44,10,6303,G27W2,6-12 months,8/10/16 months
DO_20_1146_148w,DO-20-1146,20,106,148,148,34,6303,G27W2,>=31 months,34+months
DO_20_1146_096w,DO-20-1146,20,102,96,96,22,6303,G27W2,19-24 months,22/28 months
DO_1D_3084_069w,DO-1D-3084,1D,63,69,69,16,5093,G24W2,13-18 months,8/10/16 months
DO_1D_3084_022w,DO-1D-3084,1D,58,22,21,5,5093,G24W2,<=5 months,5 months
DO_1D_3084_121w,DO-1D-3084,1D,67,121,121,28,5093,G24W2,25-30 months,22/28 months
DO_1D_3084_096w,DO-1D-3084,1D,65,96,96,22,5093,G24W2,19-24 months,22/28 months
DO_2D_4051_020w,DO-2D-4051,2D,35,20,21,5,4334,G23W2,<=5 months,5 months
DO_2D_4127_069w,DO-2D-4127,2D,78,69,69,16,5887,G26W2,13-18 months,8/10/16 months
DO_2D_4127_021w,DO-2D-4127,2D,76,21,21,5,5887,G26W2,<=5 months,5 months
DO_2D_4127_096w,DO-2D-4127,2D,80,96,96,22,5887,G26W2,19-24 months,22/28 months
DO_2D_4127_044w,DO-2D-4127,2D,77,44,44,10,5887,G26W2,6-12 months,8/10/16 months
DO_2D_4183_096w,DO-2D-4183,2D,126,96,96,22,6539,G28W2,19-24 months,22/28 months
DO_1D_3131_121w,DO-1D-3131,1D,95,121,121,28,6188,G27W1,25-30 months,22/28 months
DO_1D_3131_069w,DO-1D-3131,1D,90,69,69,16,6188,G27W1,13-18 months,8/10/16 months
DO_1D_3131_021w,DO-1D-3131,1D,85,21,21,5,6188,G27W1,<=5 months,5 months
DO_40_2075_068w,DO-40-2075,40,51,68,69,16,4975,G24W1,13-18 months,8/10/16 months
DO_40_2075_021w,DO-40-2075,40,47,21,21,5,4975,G24W1,<=5 months,5 months
DO_40_2075_095w,DO-40-2075,40,53,95,96,22,4975,G24W1,19-24 months,22/28 months
DO_1D_3002_069w,DO-1D-3002,1D,5,69,69,16,3308,G22W1,13-18 months,8/10/16 months
DO_1D_3002_038w,DO-1D-3002,1D,3,38,35,8,3308,G22W1,6-12 months,8/10/16 months
DO_1D_3002_044w,DO-1D-3002,1D,2,44,44,10,3308,G22W1,6-12 months,8/10/16 months
DO_1D_3002_097w,DO-1D-3002,1D,6,97,96,22,3308,G22W1,19-24 months,22/28 months
DO_1D_3001_097w,DO-1D-3001,1D,6,97,96,22,3308,G22W1,19-24 months,22/28 months
DO_1D_3001_044w,DO-1D-3001,1D,2,44,44,10,3308,G22W1,6-12 months,8/10/16 months
DO_1D_3001_069w,DO-1D-3001,1D,5,69,69,16,3308,G22W1,13-18 months,8/10/16 months
DO_1D_3001_038w,DO-1D-3001,1D,3,38,35,8,3308,G22W1,6-12 months,8/10/16 months
DO_AL_0104_020w,DO-AL-0104,AL,68,20,21,5,5835,G26W1,<=5 months,5 months
DO_AL_0104_069w,DO-AL-0104,AL,72,69,69,16,5835,G26W1,13-18 months,8/10/16 months
DO_AL_0104_044w,DO-AL-0104,AL,70,44,44,10,5835,G26W1,6-12 months,8/10/16 months
DO_AL_0104_096w,DO-AL-0104,AL,74,96,96,22,5835,G26W1,19-24 months,22/28 months
DO_40_2141_021w,DO-40-2141,40,84,21,21,5,6187,G27W1,<=5 months,5 months
DO_40_2141_069w,DO-40-2141,40,90,69,69,16,6187,G27W1,13-18 months,8/10/16 months
DO_40_2141_174w,DO-40-2141,40,129,174,174,40,6187,G27W1,>=31 months,34+months
DO_40_2141_044w,DO-40-2141,40,87,44,44,10,6187,G27W1,6-12 months,8/10/16 months
DO_20_1040_121w,DO-20-1040,20,29,121,121,28,4106,G23W1,25-30 months,22/28 months
DO_20_1040_069w,DO-20-1040,20,25,69,69,16,4106,G23W1,13-18 months,8/10/16 months
DO_20_1040_044w,DO-20-1040,20,22,44,44,10,4106,G23W1,6-12 months,8/10/16 months
DO_20_1040_096w,DO-20-1040,20,27,96,96,22,4106,G23W1,19-24 months,22/28 months
DO_20_1040_148w,DO-20-1040,20,31,148,148,34,4106,G23W1,>=31 months,34+months
DO_40_2107_148w,DO-40-2107,40,74,148,148,34,5841,G26W1,>=31 months,34+months
DO_40_2107_203w,DO-40-2107,40,129,203,200,46,5841,G26W1,>=31 months,34+months
DO_40_2107_173w,DO-40-2107,40,75,173,174,40,5841,G26W1,>=31 months,34+months
DO_40_2107_020w,DO-40-2107,40,69,20,21,5,5841,G26W1,<=5 months,5 months
DO_40_2107_044w,DO-40-2107,40,70,44,44,10,5841,G26W1,6-12 months,8/10/16 months
DO_40_2107_121w,DO-40-2107,40,81,121,121,28,5841,G26W1,25-30 months,22/28 months
DO_1D_3173_069w,DO-1D-3173,1D,114,69,69,16,6476,G28W1,13-18 months,8/10/16 months
DO_1D_3173_021w,DO-1D-3173,1D,109,21,21,5,6476,G28W1,<=5 months,5 months
DO_2D_4082_096w,DO-2D-4082,2D,65,96,96,22,5095,G24W2,19-24 months,22/28 months
DO_2D_4082_043w,DO-2D-4082,2D,61,43,44,10,5095,G24W2,6-12 months,8/10/16 months
DO_2D_4082_068w,DO-2D-4082,2D,64,68,69,16,5095,G24W2,13-18 months,8/10/16 months
DO_2D_4077_068w,DO-2D-4077,2D,52,68,69,16,4979,G24W1,13-18 months,8/10/16 months
DO_2D_4077_095w,DO-2D-4077,2D,54,95,96,22,4979,G24W1,19-24 months,22/28 months
DO_1D_3177_122w,DO-1D-3177,1D,127,122,121,28,6537,G28W2,25-30 months,22/28 months
DO_1D_3177_096w,DO-1D-3177,1D,126,96,96,22,6537,G28W2,19-24 months,22/28 months
DO_1D_3177_021w,DO-1D-3177,1D,120,21,21,5,6537,G28W2,<=5 months,5 months
DO_1D_3177_044w,DO-1D-3177,1D,121,44,44,10,6537,G28W2,6-12 months,8/10/16 months
DO_1D_3146_044w,DO-1D-3146,1D,99,44,44,10,6307,G27W2,6-12 months,8/10/16 months
DO_1D_3146_121w,DO-1D-3146,1D,105,121,121,28,6307,G27W2,25-30 months,22/28 months
DO_1D_3146_069w,DO-1D-3146,1D,101,69,69,16,6307,G27W2,13-18 months,8/10/16 months
DO_1D_3146_021w,DO-1D-3146,1D,97,21,21,5,6307,G27W2,<=5 months,5 months
DO_20_1030_043w,DO-20-1030,20,11,43,44,10,3392,G22W2,6-12 months,8/10/16 months
DO_2D_4083_121w,DO-2D-4083,2D,67,121,121,28,5095,G24W2,25-30 months,22/28 months
DO_2D_4083_043w,DO-2D-4083,2D,61,43,44,10,5095,G24W2,6-12 months,8/10/16 months
DO_2D_4083_096w,DO-2D-4083,2D,65,96,96,22,5095,G24W2,19-24 months,22/28 months
DO_2D_4083_148w,DO-2D-4083,2D,67,148,148,34,5095,G24W2,>=31 months,34+months
DO_2D_4083_068w,DO-2D-4083,2D,64,68,69,16,5095,G24W2,13-18 months,8/10/16 months
DO_40_2158_174w,DO-40-2158,40,129,174,174,40,6306,G27W2,>=31 months,34+months
DO_40_2158_021w,DO-40-2158,40,97,21,21,5,6306,G27W2,<=5 months,5 months
DO_40_2158_044w,DO-40-2158,40,99,44,44,10,6306,G27W2,6-12 months,8/10/16 months
DO_40_2158_121w,DO-40-2158,40,105,121,121,28,6306,G27W2,25-30 months,22/28 months
DO_20_1090_022w,DO-20-1090,20,57,22,21,5,5082,G24W2,<=5 months,5 months
DO_20_1090_121w,DO-20-1090,20,66,121,121,28,5082,G24W2,25-30 months,22/28 months
DO_20_1090_069w,DO-20-1090,20,62,69,69,16,5082,G24W2,13-18 months,8/10/16 months
DO_20_1090_096w,DO-20-1090,20,66,96,96,22,5082,G24W2,19-24 months,22/28 months
DO_1D_3152_069w,DO-1D-3152,1D,101,69,69,16,6307,G27W2,13-18 months,8/10/16 months
DO_20_1175_044w,DO-20-1175,20,112,44,44,10,6472,G28W1,6-12 months,8/10/16 months
DO_20_1175_097w,DO-20-1175,20,115,97,96,22,6472,G28W1,19-24 months,22/28 months
DO_20_1175_121w,DO-20-1175,20,116,121,121,28,6472,G28W1,25-30 months,22/28 months
DO_20_1004_069w,DO-20-1004,20,4,69,69,16,3299,G22W1,13-18 months,8/10/16 months
DO_20_1004_044w,DO-20-1004,20,1,44,44,10,3299,G22W1,6-12 months,8/10/16 months
DO_20_1004_097w,DO-20-1004,20,6,97,96,22,3299,G22W1,19-24 months,22/28 months
DO_20_1004_121w,DO-20-1004,20,6,121,121,28,3299,G22W1,25-30 months,22/28 months
DO_20_1004_148w,DO-20-1004,20,7,148,148,34,3299,G22W1,>=31 months,34+months
DO_20_1174_021w,DO-20-1174,20,108,21,21,5,6472,G28W1,<=5 months,5 months
DO_20_1174_121w,DO-20-1174,20,116,121,121,28,6472,G28W1,25-30 months,22/28 months
DO_20_1191_122w,DO-20-1191,20,127,122,121,28,6534,G28W2,25-30 months,22/28 months
DO_20_1191_021w,DO-20-1191,20,119,21,21,5,6534,G28W2,<=5 months,5 months
DO_AL_0042_069w,DO-AL-0042,AL,25,69,69,16,4105,G23W1,13-18 months,8/10/16 months
DO_AL_0042_096w,DO-AL-0042,AL,26,96,96,22,4105,G23W1,19-24 months,22/28 months
DO_AL_0042_044w,DO-AL-0042,AL,22,44,44,10,4105,G23W1,6-12 months,8/10/16 months
DO_20_1108_069w,DO-20-1108,20,72,69,69,16,5838,G26W1,13-18 months,8/10/16 months
DO_20_1108_020w,DO-20-1108,20,68,20,21,5,5838,G26W1,<=5 months,5 months
DO_20_1108_044w,DO-20-1108,20,70,44,44,10,5838,G26W1,6-12 months,8/10/16 months
DO_20_1129_021w,DO-20-1129,20,83,21,21,5,6184,G27W1,<=5 months,5 months
DO_20_1129_096w,DO-20-1129,20,92,96,96,22,6184,G27W1,19-24 months,22/28 months
DO_20_1129_148w,DO-20-1129,20,95,148,148,34,6184,G27W1,>=31 months,34+months
DO_20_1129_069w,DO-20-1129,20,89,69,69,16,6184,G27W1,13-18 months,8/10/16 months
DO_40_2067_095w,DO-40-2067,40,53,95,96,22,4974,G24W1,19-24 months,22/28 months
DO_40_2067_148w,DO-40-2067,40,56,148,148,34,4974,G24W1,>=31 months,34+months
DO_40_2067_068w,DO-40-2067,40,51,68,69,16,4974,G24W1,13-18 months,8/10/16 months
DO_40_2067_120w,DO-40-2067,40,55,120,121,28,4974,G24W1,25-30 months,22/28 months
DO_AL_0141_069w,DO-AL-0141,AL,89,69,69,16,6183,G27W1,13-18 months,8/10/16 months
DO_AL_0141_148w,DO-AL-0141,AL,95,148,148,34,6183,G27W1,>=31 months,34+months
DO_AL_0141_044w,DO-AL-0141,AL,86,44,44,10,6183,G27W1,6-12 months,8/10/16 months
DO_AL_0090_069w,DO-AL-0090,AL,62,69,69,16,5077,G24W2,13-18 months,8/10/16 months
DO_AL_0090_022w,DO-AL-0090,AL,56,22,21,5,5077,G24W2,<=5 months,5 months
DO_AL_0090_096w,DO-AL-0090,AL,66,96,96,22,5077,G24W2,19-24 months,22/28 months
DO_AL_0139_096w,DO-AL-0139,AL,92,96,96,22,6183,G27W1,19-24 months,22/28 months
DO_AL_0139_069w,DO-AL-0139,AL,89,69,69,16,6183,G27W1,13-18 months,8/10/16 months
DO_AL_0139_044w,DO-AL-0139,AL,85,44,44,10,6183,G27W1,6-12 months,8/10/16 months
DO_AL_0144_069w,DO-AL-0144,AL,89,69,69,16,6183,G27W1,13-18 months,8/10/16 months
DO_AL_0144_044w,DO-AL-0144,AL,86,44,44,10,6183,G27W1,6-12 months,8/10/16 months
DO_1D_3171_069w,DO-1D-3171,1D,114,69,69,16,6476,G28W1,13-18 months,8/10/16 months
DO_1D_3171_021w,DO-1D-3171,1D,109,21,21,5,6476,G28W1,<=5 months,5 months
DO_1D_3171_097w,DO-1D-3171,1D,115,97,96,22,6476,G28W1,19-24 months,22/28 months
DO_1D_3171_044w,DO-1D-3171,1D,113,44,44,10,6476,G28W1,6-12 months,8/10/16 months
DO_1D_3171_121w,DO-1D-3171,1D,116,121,121,28,6476,G28W1,25-30 months,22/28 months
DO_AL_0069_068w,DO-AL-0069,AL,50,68,69,16,4968,G24W1,13-18 months,8/10/16 months
DO_AL_0069_095w,DO-AL-0069,AL,52,95,96,22,4968,G24W1,19-24 months,22/28 months
DO_2D_4122_096w,DO-2D-4122,2D,79,96,96,22,5887,G26W2,19-24 months,22/28 months
DO_2D_4122_120w,DO-2D-4122,2D,80,120,121,28,5887,G26W2,25-30 months,22/28 months
DO_2D_4122_044w,DO-2D-4122,2D,77,44,44,10,5887,G26W2,6-12 months,8/10/16 months
DO_2D_4122_148w,DO-2D-4122,2D,82,148,148,34,5887,G26W2,>=31 months,34+months
DO_2D_4122_069w,DO-2D-4122,2D,78,69,69,16,5887,G26W2,13-18 months,8/10/16 months
DO_1D_3179_069w,DO-1D-3179,1D,124,69,69,16,6537,G28W2,13-18 months,8/10/16 months
DO_1D_3179_044w,DO-1D-3179,1D,121,44,44,10,6537,G28W2,6-12 months,8/10/16 months
DO_2D_4049_096w,DO-2D-4049,2D,43,96,96,22,4334,G23W2,19-24 months,22/28 months
DO_2D_4049_044w,DO-2D-4049,2D,37,44,44,10,4334,G23W2,6-12 months,8/10/16 months
DO_2D_4049_121w,DO-2D-4049,2D,45,121,121,28,4334,G23W2,25-30 months,22/28 months
DO_40_2021_043w,DO-40-2021,40,11,43,44,10,3393,G22W2,6-12 months,8/10/16 months
DO_40_2021_069w,DO-40-2021,40,12,69,69,16,3393,G22W2,13-18 months,8/10/16 months
DO_40_2021_035w,DO-40-2021,40,9,35,35,8,3393,G22W2,6-12 months,8/10/16 months
DO_1D_3145_096w,DO-1D-3145,1D,103,96,96,22,6307,G27W2,19-24 months,22/28 months
DO_1D_3145_148w,DO-1D-3145,1D,107,148,148,34,6307,G27W2,>=31 months,34+months
DO_1D_3145_069w,DO-1D-3145,1D,101,69,69,16,6307,G27W2,13-18 months,8/10/16 months
DO_1D_3145_044w,DO-1D-3145,1D,99,44,44,10,6307,G27W2,6-12 months,8/10/16 months
DO_1D_3145_121w,DO-1D-3145,1D,105,121,121,28,6307,G27W2,25-30 months,22/28 months
DO_20_1025_174w,DO-20-1025,20,16,174,174,40,3392,G22W2,>=31 months,34+months
DO_20_1025_035w,DO-20-1025,20,9,35,35,8,3392,G22W2,6-12 months,8/10/16 months
DO_20_1025_069w,DO-20-1025,20,12,69,69,16,3392,G22W2,13-18 months,8/10/16 months
DO_20_1025_121w,DO-20-1025,20,15,121,121,28,3392,G22W2,25-30 months,22/28 months
DO_20_1025_043w,DO-20-1025,20,10,43,44,10,3392,G22W2,6-12 months,8/10/16 months
DO_20_1025_148w,DO-20-1025,20,15,148,148,34,3392,G22W2,>=31 months,34+months
DO_20_1025_097w,DO-20-1025,20,13,97,96,22,3392,G22W2,19-24 months,22/28 months
DO_1D_3038_121w,DO-1D-3038,1D,30,121,121,28,4112,G23W1,25-30 months,22/28 months
DO_1D_3038_096w,DO-1D-3038,1D,28,96,96,22,4112,G23W1,19-24 months,22/28 months
DO_1D_3038_069w,DO-1D-3038,1D,25,69,69,16,4112,G23W1,13-18 months,8/10/16 months
DO_1D_3038_023w,DO-1D-3038,1D,19,23,21,5,4112,G23W1,<=5 months,5 months
DO_1D_3038_044w,DO-1D-3038,1D,23,44,44,10,4112,G23W1,6-12 months,8/10/16 months
DO_2D_4106_044w,DO-2D-4106,2D,72,44,44,10,5845,G26W1,6-12 months,8/10/16 months
DO_2D_4106_096w,DO-2D-4106,2D,74,96,96,22,5845,G26W1,19-24 months,22/28 months
DO_2D_4106_069w,DO-2D-4106,2D,73,69,69,16,5845,G26W1,13-18 months,8/10/16 months
DO_AL_0105_121w,DO-AL-0105,AL,81,121,121,28,5837,G26W1,25-30 months,22/28 months
DO_AL_0105_044w,DO-AL-0105,AL,70,44,44,10,5837,G26W1,6-12 months,8/10/16 months
DO_AL_0105_096w,DO-AL-0105,AL,74,96,96,22,5837,G26W1,19-24 months,22/28 months
DO_AL_0105_069w,DO-AL-0105,AL,72,69,69,16,5837,G26W1,13-18 months,8/10/16 months
DO_20_1151_021w,DO-20-1151,20,96,21,21,5,6303,G27W2,<=5 months,5 months
DO_20_1151_069w,DO-20-1151,20,100,69,69,16,6303,G27W2,13-18 months,8/10/16 months
DO_20_1151_148w,DO-20-1151,20,106,148,148,34,6303,G27W2,>=31 months,34+months
DO_20_1151_174w,DO-20-1151,20,129,174,174,40,6303,G27W2,>=31 months,34+months
DO_20_1151_044w,DO-20-1151,20,98,44,44,10,6303,G27W2,6-12 months,8/10/16 months
DO_AL_0158_044w,DO-AL-0158,AL,98,44,44,10,6302,G27W2,6-12 months,8/10/16 months
DO_2D_4075_120w,DO-2D-4075,2D,56,120,121,28,4979,G24W1,25-30 months,22/28 months
DO_2D_4075_021w,DO-2D-4075,2D,48,21,21,5,4979,G24W1,<=5 months,5 months
DO_1D_3073_068w,DO-1D-3073,1D,52,68,69,16,4977,G24W1,13-18 months,8/10/16 months
DO_1D_3073_095w,DO-1D-3073,1D,54,95,96,22,4977,G24W1,19-24 months,22/28 months
DO_1D_3073_021w,DO-1D-3073,1D,48,21,21,5,4977,G24W1,<=5 months,5 months
DO_AL_0179_021w,DO-AL-0179,AL,118,21,21,5,6531,G28W2,<=5 months,5 months
DO_AL_0179_069w,DO-AL-0179,AL,122,69,69,16,6531,G28W2,13-18 months,8/10/16 months
DO_AL_0179_096w,DO-AL-0179,AL,125,96,96,22,6531,G28W2,19-24 months,22/28 months
DO_AL_0179_122w,DO-AL-0179,AL,127,122,121,28,6531,G28W2,25-30 months,22/28 months
DO_2D_4109_069w,DO-2D-4109,2D,73,69,69,16,5845,G26W1,13-18 months,8/10/16 months
DO_2D_4109_044w,DO-2D-4109,2D,72,44,44,10,5845,G26W1,6-12 months,8/10/16 months
DO_2D_4109_020w,DO-2D-4109,2D,69,20,21,5,5845,G26W1,<=5 months,5 months
DO_2D_4090_121w,DO-2D-4090,2D,67,121,121,28,5096,G24W2,25-30 months,22/28 months
DO_2D_4090_069w,DO-2D-4090,2D,64,69,69,16,5096,G24W2,13-18 months,8/10/16 months
DO_2D_4090_096w,DO-2D-4090,2D,66,96,96,22,5096,G24W2,19-24 months,22/28 months
DO_1D_3141_096w,DO-1D-3141,1D,93,96,96,22,6189,G27W1,19-24 months,22/28 months
DO_1D_3141_044w,DO-1D-3141,1D,88,44,44,10,6189,G27W1,6-12 months,8/10/16 months
DO_1D_3141_121w,DO-1D-3141,1D,95,121,121,28,6189,G27W1,25-30 months,22/28 months
DO_1D_3141_021w,DO-1D-3141,1D,85,21,21,5,6189,G27W1,<=5 months,5 months
DO_20_1120_120w,DO-20-1120,20,80,120,121,28,5880,G26W2,25-30 months,22/28 months
DO_20_1120_021w,DO-20-1120,20,75,21,21,5,5880,G26W2,<=5 months,5 months
DO_20_1120_044w,DO-20-1120,20,77,44,44,10,5880,G26W2,6-12 months,8/10/16 months
DO_AL_0085_096w,DO-AL-0085,AL,66,96,96,22,5076,G24W2,19-24 months,22/28 months
DO_AL_0085_069w,DO-AL-0085,AL,62,69,69,16,5076,G24W2,13-18 months,8/10/16 months
DO_AL_0085_022w,DO-AL-0085,AL,56,22,21,5,5076,G24W2,<=5 months,5 months
DO_1D_3111_096w,DO-1D-3111,1D,74,96,96,22,5843,G26W1,19-24 months,22/28 months
DO_1D_3111_069w,DO-1D-3111,1D,73,69,69,16,5843,G26W1,13-18 months,8/10/16 months
DO_1D_3111_021w,DO-1D-3111,1D,69,21,21,5,5843,G26W1,<=5 months,5 months
DO_1D_3111_044w,DO-1D-3111,1D,71,44,44,10,5843,G26W1,6-12 months,8/10/16 months
DO_1D_3111_148w,DO-1D-3111,1D,74,148,148,34,5843,G26W1,>=31 months,34+months
DO_20_1171_097w,DO-20-1171,20,115,97,96,22,6472,G28W1,19-24 months,22/28 months
DO_20_1171_021w,DO-20-1171,20,108,21,21,5,6472,G28W1,<=5 months,5 months
DO_1D_3175_121w,DO-1D-3175,1D,116,121,121,28,6476,G28W1,25-30 months,22/28 months
DO_1D_3175_021w,DO-1D-3175,1D,109,21,21,5,6476,G28W1,<=5 months,5 months
DO_1D_3175_097w,DO-1D-3175,1D,115,97,96,22,6476,G28W1,19-24 months,22/28 months
DO_1D_3060_020w,DO-1D-3060,1D,34,20,21,5,4341,G23W2,<=5 months,5 months
DO_1D_3060_121w,DO-1D-3060,1D,45,121,121,28,4341,G23W2,25-30 months,22/28 months
DO_1D_3060_096w,DO-1D-3060,1D,43,96,96,22,4341,G23W2,19-24 months,22/28 months
DO_AL_0130_044w,DO-AL-0130,AL,85,44,44,10,6182,G27W1,6-12 months,8/10/16 months
DO_AL_0130_021w,DO-AL-0130,AL,83,21,21,5,6182,G27W1,<=5 months,5 months
DO_AL_0130_069w,DO-AL-0130,AL,88,69,69,16,6182,G27W1,13-18 months,8/10/16 months
DO_1D_3067_021w,DO-1D-3067,1D,47,21,21,5,4976,G24W1,<=5 months,5 months
DO_AL_0159_021w,DO-AL-0159,AL,96,21,21,5,6302,G27W2,<=5 months,5 months
DO_AL_0159_069w,DO-AL-0159,AL,100,69,69,16,6302,G27W2,13-18 months,8/10/16 months
DO_AL_0071_044w,DO-AL-0071,AL,48,44,44,10,4968,G24W1,6-12 months,8/10/16 months
DO_AL_0071_095w,DO-AL-0071,AL,52,95,96,22,4968,G24W1,19-24 months,22/28 months
DO_AL_0071_068w,DO-AL-0071,AL,50,68,69,16,4968,G24W1,13-18 months,8/10/16 months
DO_AL_0071_120w,DO-AL-0071,AL,54,120,121,28,4968,G24W1,25-30 months,22/28 months
DO_AL_0071_021w,DO-AL-0071,AL,46,21,21,5,4968,G24W1,<=5 months,5 months
DO_1D_3065_095w,DO-1D-3065,1D,53,95,96,22,4976,G24W1,19-24 months,22/28 months
DO_1D_3065_068w,DO-1D-3065,1D,51,68,69,16,4976,G24W1,13-18 months,8/10/16 months
DO_1D_3065_021w,DO-1D-3065,1D,47,21,21,5,4976,G24W1,<=5 months,5 months
DO_AL_0078_120w,DO-AL-0078,AL,54,120,121,28,4969,G24W1,25-30 months,22/28 months
DO_AL_0078_068w,DO-AL-0078,AL,50,68,69,16,4969,G24W1,13-18 months,8/10/16 months
DO_2D_4192_096w,DO-2D-4192,2D,127,96,96,22,6540,G28W2,19-24 months,22/28 months
DO_2D_4192_069w,DO-2D-4192,2D,125,69,69,16,6540,G28W2,13-18 months,8/10/16 months
DO_20_1153_021w,DO-20-1153,20,96,21,21,5,6304,G27W2,<=5 months,5 months
DO_1D_3167_021w,DO-1D-3167,1D,109,21,21,5,6475,G28W1,<=5 months,5 months
DO_1D_3167_044w,DO-1D-3167,1D,112,44,44,10,6475,G28W1,6-12 months,8/10/16 months
DO_1D_3167_069w,DO-1D-3167,1D,114,69,69,16,6475,G28W1,13-18 months,8/10/16 months
DO_40_2079_021w,DO-40-2079,40,47,21,21,5,4975,G24W1,<=5 months,5 months
DO_20_1188_122w,DO-20-1188,20,127,122,121,28,6534,G28W2,25-30 months,22/28 months
DO_20_1188_174w,DO-20-1188,20,128,174,174,40,6534,G28W2,>=31 months,34+months
DO_20_1188_148w,DO-20-1188,20,128,148,148,34,6534,G28W2,>=31 months,34+months
DO_20_1188_044w,DO-20-1188,20,121,44,44,10,6534,G28W2,6-12 months,8/10/16 months
DO_20_1188_069w,DO-20-1188,20,123,69,69,16,6534,G28W2,13-18 months,8/10/16 months
DO_20_1188_021w,DO-20-1188,20,119,21,21,5,6534,G28W2,<=5 months,5 months
DO_AL_0107_020w,DO-AL-0107,AL,68,20,21,5,5837,G26W1,<=5 months,5 months
DO_AL_0107_121w,DO-AL-0107,AL,81,121,121,28,5837,G26W1,25-30 months,22/28 months
DO_AL_0107_044w,DO-AL-0107,AL,70,44,44,10,5837,G26W1,6-12 months,8/10/16 months
DO_40_2169_021w,DO-40-2169,40,109,21,21,5,6474,G28W1,<=5 months,5 months
DO_40_2169_069w,DO-40-2169,40,114,69,69,16,6474,G28W1,13-18 months,8/10/16 months
DO_40_2169_097w,DO-40-2169,40,115,97,96,22,6474,G28W1,19-24 months,22/28 months
DO_2D_4088_043w,DO-2D-4088,2D,61,43,44,10,5095,G24W2,6-12 months,8/10/16 months
DO_1D_3089_069w,DO-1D-3089,1D,63,69,69,16,5094,G24W2,13-18 months,8/10/16 months
DO_1D_3089_096w,DO-1D-3089,1D,65,96,96,22,5094,G24W2,19-24 months,22/28 months
DO_1D_3089_022w,DO-1D-3089,1D,58,22,21,5,5094,G24W2,<=5 months,5 months
DO_40_2087_022w,DO-40-2087,40,58,22,21,5,5085,G24W2,<=5 months,5 months
DO_40_2087_069w,DO-40-2087,40,63,69,69,16,5085,G24W2,13-18 months,8/10/16 months
DO_40_2087_096w,DO-40-2087,40,66,96,96,22,5085,G24W2,19-24 months,22/28 months
DO_40_2087_173w,DO-40-2087,40,67,173,174,40,5085,G24W2,>=31 months,34+months
DO_40_2087_148w,DO-40-2087,40,67,148,148,34,5085,G24W2,>=31 months,34+months
DO_AL_0016_069w,DO-AL-0016,AL,4,69,69,16,3298,G22W1,13-18 months,8/10/16 months
DO_AL_0016_038w,DO-AL-0016,AL,3,38,35,8,3298,G22W1,6-12 months,8/10/16 months
DO_AL_0016_044w,DO-AL-0016,AL,1,44,44,10,3298,G22W1,6-12 months,8/10/16 months
DO_2D_4097_069w,DO-2D-4097,2D,73,69,69,16,5844,G26W1,13-18 months,8/10/16 months
DO_2D_4097_044w,DO-2D-4097,2D,71,44,44,10,5844,G26W1,6-12 months,8/10/16 months
DO_2D_4097_121w,DO-2D-4097,2D,81,121,121,28,5844,G26W1,25-30 months,22/28 months
DO_2D_4097_148w,DO-2D-4097,2D,74,148,148,34,5844,G26W1,>=31 months,34+months
DO_2D_4097_021w,DO-2D-4097,2D,69,21,21,5,5844,G26W1,<=5 months,5 months
DO_2D_4097_096w,DO-2D-4097,2D,74,96,96,22,5844,G26W1,19-24 months,22/28 months
DO_AL_0057_096w,DO-AL-0057,AL,41,96,96,22,4333,G23W2,19-24 months,22/28 months
DO_AL_0057_044w,DO-AL-0057,AL,36,44,44,10,4333,G23W2,6-12 months,8/10/16 months
DO_AL_0057_069w,DO-AL-0057,AL,38,69,69,16,4333,G23W2,13-18 months,8/10/16 months
DO_2D_4037_096w,DO-2D-4037,2D,28,96,96,22,4114,G23W1,19-24 months,22/28 months
DO_2D_4037_121w,DO-2D-4037,2D,30,121,121,28,4114,G23W1,25-30 months,22/28 months
DO_2D_4037_148w,DO-2D-4037,2D,31,148,148,34,4114,G23W1,>=31 months,34+months
DO_2D_4037_174w,DO-2D-4037,2D,32,174,174,40,4114,G23W1,>=31 months,34+months
DO_AL_0084_022w,DO-AL-0084,AL,56,22,21,5,5076,G24W2,<=5 months,5 months
DO_AL_0084_069w,DO-AL-0084,AL,62,69,69,16,5076,G24W2,13-18 months,8/10/16 months
DO_AL_0084_044w,DO-AL-0084,AL,59,44,44,10,5076,G24W2,6-12 months,8/10/16 months
DO_AL_0084_096w,DO-AL-0084,AL,64,96,96,22,5076,G24W2,19-24 months,22/28 months
DO_40_2086_069w,DO-40-2086,40,63,69,69,16,5085,G24W2,13-18 months,8/10/16 months
DO_40_2086_022w,DO-40-2086,40,57,22,21,5,5085,G24W2,<=5 months,5 months
DO_40_2086_096w,DO-40-2086,40,66,96,96,22,5085,G24W2,19-24 months,22/28 months
DO_40_2114_148w,DO-40-2114,40,82,148,148,34,5882,G26W2,>=31 months,34+months
DO_40_2114_120w,DO-40-2114,40,80,120,121,28,5882,G26W2,25-30 months,22/28 months
DO_40_2114_044w,DO-40-2114,40,77,44,44,10,5882,G26W2,6-12 months,8/10/16 months
DO_40_2114_096w,DO-40-2114,40,79,96,96,22,5882,G26W2,19-24 months,22/28 months
DO_40_2114_021w,DO-40-2114,40,75,21,21,5,5882,G26W2,<=5 months,5 months
DO_20_1192_021w,DO-20-1192,20,119,21,21,5,6534,G28W2,<=5 months,5 months
DO_20_1192_044w,DO-20-1192,20,121,44,44,10,6534,G28W2,6-12 months,8/10/16 months
DO_AL_0166_097w,DO-AL-0166,AL,115,97,96,22,6469,G28W1,19-24 months,22/28 months
DO_AL_0166_021w,DO-AL-0166,AL,107,21,21,5,6469,G28W1,<=5 months,5 months
DO_AL_0074_021w,DO-AL-0074,AL,46,21,21,5,4969,G24W1,<=5 months,5 months
DO_AL_0074_068w,DO-AL-0074,AL,50,68,69,16,4969,G24W1,13-18 months,8/10/16 months
DO_40_2129_044w,DO-40-2129,40,86,44,44,10,6186,G27W1,6-12 months,8/10/16 months
DO_40_2129_069w,DO-40-2129,40,90,69,69,16,6186,G27W1,13-18 months,8/10/16 months
DO_AL_0088_096w,DO-AL-0088,AL,66,96,96,22,5076,G24W2,19-24 months,22/28 months
DO_AL_0088_069w,DO-AL-0088,AL,62,69,69,16,5076,G24W2,13-18 months,8/10/16 months
DO_AL_0088_022w,DO-AL-0088,AL,56,22,21,5,5076,G24W2,<=5 months,5 months
DO_40_2142_044w,DO-40-2142,40,87,44,44,10,6187,G27W1,6-12 months,8/10/16 months
DO_40_2142_021w,DO-40-2142,40,85,21,21,5,6187,G27W1,<=5 months,5 months
DO_40_2142_069w,DO-40-2142,40,90,69,69,16,6187,G27W1,13-18 months,8/10/16 months
DO_1D_3136_021w,DO-1D-3136,1D,85,21,21,5,6188,G27W1,<=5 months,5 months
DO_1D_3136_121w,DO-1D-3136,1D,95,121,121,28,6188,G27W1,25-30 months,22/28 months
DO_1D_3136_069w,DO-1D-3136,1D,91,69,69,16,6188,G27W1,13-18 months,8/10/16 months
DO_1D_3019_035w,DO-1D-3019,1D,9,35,35,8,3395,G22W2,6-12 months,8/10/16 months
DO_1D_3019_121w,DO-1D-3019,1D,15,121,121,28,3395,G22W2,25-30 months,22/28 months
DO_1D_3019_097w,DO-1D-3019,1D,14,97,96,22,3395,G22W2,19-24 months,22/28 months
DO_1D_3019_069w,DO-1D-3019,1D,13,69,69,16,3395,G22W2,13-18 months,8/10/16 months
DO_40_2155_021w,DO-40-2155,40,97,21,21,5,6306,G27W2,<=5 months,5 months
DO_40_2155_044w,DO-40-2155,40,99,44,44,10,6306,G27W2,6-12 months,8/10/16 months
DO_1D_3039_121w,DO-1D-3039,1D,30,121,121,28,4112,G23W1,25-30 months,22/28 months
DO_1D_3039_096w,DO-1D-3039,1D,28,96,96,22,4112,G23W1,19-24 months,22/28 months
DO_1D_3039_044w,DO-1D-3039,1D,23,44,44,10,4112,G23W1,6-12 months,8/10/16 months
DO_1D_3039_069w,DO-1D-3039,1D,25,69,69,16,4112,G23W1,13-18 months,8/10/16 months
DO_1D_3039_148w,DO-1D-3039,1D,31,148,148,34,4112,G23W1,>=31 months,34+months
DO_20_1185_021w,DO-20-1185,20,119,21,21,5,6534,G28W2,<=5 months,5 months
DO_20_1185_044w,DO-20-1185,20,121,44,44,10,6534,G28W2,6-12 months,8/10/16 months
DO_AL_0117_096w,DO-AL-0117,AL,78,96,96,22,5878,G26W2,19-24 months,22/28 months
DO_AL_0117_044w,DO-AL-0117,AL,76,44,44,10,5878,G26W2,6-12 months,8/10/16 months
DO_AL_0117_120w,DO-AL-0117,AL,80,120,121,28,5878,G26W2,25-30 months,22/28 months
DO_AL_0117_148w,DO-AL-0117,AL,82,148,148,34,5878,G26W2,>=31 months,34+months
DO_AL_0117_069w,DO-AL-0117,AL,77,69,69,16,5878,G26W2,13-18 months,8/10/16 months
DO_20_1147_021w,DO-20-1147,20,96,21,21,5,6303,G27W2,<=5 months,5 months
DO_20_1147_096w,DO-20-1147,20,102,96,96,22,6303,G27W2,19-24 months,22/28 months
DO_20_1147_069w,DO-20-1147,20,100,69,69,16,6303,G27W2,13-18 months,8/10/16 months
DO_20_1147_044w,DO-20-1147,20,98,44,44,10,6303,G27W2,6-12 months,8/10/16 months
DO_20_1106_096w,DO-20-1106,20,74,96,96,22,5838,G26W1,19-24 months,22/28 months
DO_20_1106_044w,DO-20-1106,20,70,44,44,10,5838,G26W1,6-12 months,8/10/16 months
DO_20_1106_069w,DO-20-1106,20,72,69,69,16,5838,G26W1,13-18 months,8/10/16 months
DO_2D_4149_121w,DO-2D-4149,2D,105,121,121,28,6299,G27W2,25-30 months,22/28 months
DO_2D_4149_148w,DO-2D-4149,2D,107,148,148,34,6299,G27W2,>=31 months,34+months
DO_2D_4149_069w,DO-2D-4149,2D,101,69,69,16,6299,G27W2,13-18 months,8/10/16 months
DO_2D_4149_096w,DO-2D-4149,2D,103,96,96,22,6299,G27W2,19-24 months,22/28 months
DO_40_2089_022w,DO-40-2089,40,58,22,21,5,5087,G24W2,<=5 months,5 months
DO_2D_4148_069w,DO-2D-4148,2D,101,69,69,16,6299,G27W2,13-18 months,8/10/16 months
DO_2D_4148_096w,DO-2D-4148,2D,103,96,96,22,6299,G27W2,19-24 months,22/28 months
DO_2D_4148_148w,DO-2D-4148,2D,107,148,148,34,6299,G27W2,>=31 months,34+months
DO_2D_4148_121w,DO-2D-4148,2D,105,121,121,28,6299,G27W2,25-30 months,22/28 months
DO_2D_4148_021w,DO-2D-4148,2D,97,21,21,5,6299,G27W2,<=5 months,5 months
DO_40_2170_021w,DO-40-2170,40,109,21,21,5,6474,G28W1,<=5 months,5 months
DO_40_2170_044w,DO-40-2170,40,112,44,44,10,6474,G28W1,6-12 months,8/10/16 months
DO_40_2170_097w,DO-40-2170,40,115,97,96,22,6474,G28W1,19-24 months,22/28 months
DO_40_2170_069w,DO-40-2170,40,114,69,69,16,6474,G28W1,13-18 months,8/10/16 months
DO_2D_4135_044w,DO-2D-4135,2D,88,44,44,10,6190,G27W1,6-12 months,8/10/16 months
DO_1D_3190_021w,DO-1D-3190,1D,120,21,21,5,6538,G28W2,<=5 months,5 months
DO_1D_3190_096w,DO-1D-3190,1D,126,96,96,22,6538,G28W2,19-24 months,22/28 months
DO_1D_3190_069w,DO-1D-3190,1D,124,69,69,16,6538,G28W2,13-18 months,8/10/16 months
DO_1D_3190_122w,DO-1D-3190,1D,127,122,121,28,6538,G28W2,25-30 months,22/28 months
DO_2D_4012_044w,DO-2D-4012,2D,2,44,44,10,3313,G22W1,6-12 months,8/10/16 months
DO_2D_4012_148w,DO-2D-4012,2D,7,148,148,34,3313,G22W1,>=31 months,34+months
DO_2D_4012_069w,DO-2D-4012,2D,5,69,69,16,3313,G22W1,13-18 months,8/10/16 months
DO_2D_4012_038w,DO-2D-4012,2D,4,38,35,8,3313,G22W1,6-12 months,8/10/16 months
DO_2D_4012_174w,DO-2D-4012,2D,7,174,174,40,3313,G22W1,>=31 months,34+months
DO_2D_4012_121w,DO-2D-4012,2D,6,121,121,28,3313,G22W1,25-30 months,22/28 months
DO_2D_4012_097w,DO-2D-4012,2D,6,97,96,22,3313,G22W1,19-24 months,22/28 months
DO_20_1165_121w,DO-20-1165,20,116,121,121,28,6471,G28W1,25-30 months,22/28 months
DO_20_1165_021w,DO-20-1165,20,108,21,21,5,6471,G28W1,<=5 months,5 months
DO_20_1165_044w,DO-20-1165,20,111,44,44,10,6471,G28W1,6-12 months,8/10/16 months
DO_20_1165_097w,DO-20-1165,20,115,97,96,22,6471,G28W1,19-24 months,22/28 months
DO_AL_0184_069w,DO-AL-0184,AL,122,69,69,16,6531,G28W2,13-18 months,8/10/16 months
DO_AL_0184_096w,DO-AL-0184,AL,125,96,96,22,6531,G28W2,19-24 months,22/28 months
DO_AL_0184_122w,DO-AL-0184,AL,127,122,121,28,6531,G28W2,25-30 months,22/28 months
DO_AL_0184_021w,DO-AL-0184,AL,118,21,21,5,6531,G28W2,<=5 months,5 months
DO_40_2145_021w,DO-40-2145,40,97,21,21,5,6305,G27W2,<=5 months,5 months
DO_40_2145_069w,DO-40-2145,40,101,69,69,16,6305,G27W2,13-18 months,8/10/16 months
DO_40_2145_096w,DO-40-2145,40,102,96,96,22,6305,G27W2,19-24 months,22/28 months
DO_40_2145_148w,DO-40-2145,40,106,148,148,34,6305,G27W2,>=31 months,34+months
DO_1D_3049_069w,DO-1D-3049,1D,39,69,69,16,4340,G23W2,13-18 months,8/10/16 months
DO_1D_3049_096w,DO-1D-3049,1D,42,96,96,22,4340,G23W2,19-24 months,22/28 months
DO_1D_3049_020w,DO-1D-3049,1D,34,20,21,5,4340,G23W2,<=5 months,5 months
DO_AL_0168_021w,DO-AL-0168,AL,107,21,21,5,6469,G28W1,<=5 months,5 months
DO_20_1180_096w,DO-20-1180,20,126,96,96,22,6533,G28W2,19-24 months,22/28 months
DO_20_1180_021w,DO-20-1180,20,118,21,21,5,6533,G28W2,<=5 months,5 months
DO_20_1180_044w,DO-20-1180,20,121,44,44,10,6533,G28W2,6-12 months,8/10/16 months
DO_20_1065_021w,DO-20-1065,20,46,21,21,5,4972,G24W1,<=5 months,5 months
DO_20_1065_120w,DO-20-1065,20,54,120,121,28,4972,G24W1,25-30 months,22/28 months
DO_20_1065_068w,DO-20-1065,20,50,68,69,16,4972,G24W1,13-18 months,8/10/16 months
DO_20_1065_095w,DO-20-1065,20,52,95,96,22,4972,G24W1,19-24 months,22/28 months
DO_20_1065_148w,DO-20-1065,20,56,148,148,34,4972,G24W1,>=31 months,34+months
DO_20_1109_069w,DO-20-1109,20,72,69,69,16,5838,G26W1,13-18 months,8/10/16 months
DO_20_1109_044w,DO-20-1109,20,70,44,44,10,5838,G26W1,6-12 months,8/10/16 months
DO_20_1109_173w,DO-20-1109,20,75,173,174,40,5838,G26W1,>=31 months,34+months
DO_20_1109_148w,DO-20-1109,20,74,148,148,34,5838,G26W1,>=31 months,34+months
DO_20_1109_096w,DO-20-1109,20,74,96,96,22,5838,G26W1,19-24 months,22/28 months
DO_20_1109_020w,DO-20-1109,20,68,20,21,5,5838,G26W1,<=5 months,5 months
DO_AL_0145_069w,DO-AL-0145,AL,100,69,69,16,6301,G27W2,13-18 months,8/10/16 months
DO_AL_0145_096w,DO-AL-0145,AL,101,96,96,22,6301,G27W2,19-24 months,22/28 months
DO_AL_0145_021w,DO-AL-0145,AL,93,21,21,5,6301,G27W2,<=5 months,5 months
DO_AL_0145_044w,DO-AL-0145,AL,98,44,44,10,6301,G27W2,6-12 months,8/10/16 months
DO_20_1105_069w,DO-20-1105,20,72,69,69,16,5838,G26W1,13-18 months,8/10/16 months
DO_20_1105_044w,DO-20-1105,20,70,44,44,10,5838,G26W1,6-12 months,8/10/16 months
DO_20_1105_020w,DO-20-1105,20,68,20,21,5,5838,G26W1,<=5 months,5 months
DO_40_2040_023w,DO-40-2040,40,18,23,21,5,4108,G23W1,<=5 months,5 months
DO_40_2040_069w,DO-40-2040,40,25,69,69,16,4108,G23W1,13-18 months,8/10/16 months
DO_40_2040_044w,DO-40-2040,40,23,44,44,10,4108,G23W1,6-12 months,8/10/16 months
DO_20_1058_069w,DO-20-1058,20,38,69,69,16,4337,G23W2,13-18 months,8/10/16 months
DO_20_1058_148w,DO-20-1058,20,45,148,148,34,4337,G23W2,>=31 months,34+months
DO_20_1058_121w,DO-20-1058,20,44,121,121,28,4337,G23W2,25-30 months,22/28 months
DO_20_1058_096w,DO-20-1058,20,41,96,96,22,4337,G23W2,19-24 months,22/28 months
DO_40_2153_021w,DO-40-2153,40,97,21,21,5,6306,G27W2,<=5 months,5 months
DO_40_2153_121w,DO-40-2153,40,105,121,121,28,6306,G27W2,25-30 months,22/28 months
DO_40_2153_096w,DO-40-2153,40,102,96,96,22,6306,G27W2,19-24 months,22/28 months
DO_40_2153_069w,DO-40-2153,40,101,69,69,16,6306,G27W2,13-18 months,8/10/16 months
DO_40_2153_174w,DO-40-2153,40,129,174,174,40,6306,G27W2,>=31 months,34+months
DO_40_2153_148w,DO-40-2153,40,106,148,148,34,6306,G27W2,>=31 months,34+months
DO_20_1051_096w,DO-20-1051,20,41,96,96,22,4335,G23W2,19-24 months,22/28 months
DO_20_1051_148w,DO-20-1051,20,45,148,148,34,4335,G23W2,>=31 months,34+months
DO_20_1051_020w,DO-20-1051,20,33,20,21,5,4335,G23W2,<=5 months,5 months
DO_AL_0186_021w,DO-AL-0186,AL,118,21,21,5,6532,G28W2,<=5 months,5 months
DO_AL_0186_069w,DO-AL-0186,AL,122,69,69,16,6532,G28W2,13-18 months,8/10/16 months
DO_AL_0187_021w,DO-AL-0187,AL,118,21,21,5,6532,G28W2,<=5 months,5 months
DO_1D_3078_021w,DO-1D-3078,1D,48,21,21,5,4977,G24W1,<=5 months,5 months
DO_1D_3170_121w,DO-1D-3170,1D,116,121,121,28,6476,G28W1,25-30 months,22/28 months
DO_1D_3170_069w,DO-1D-3170,1D,114,69,69,16,6476,G28W1,13-18 months,8/10/16 months
DO_1D_3170_097w,DO-1D-3170,1D,115,97,96,22,6476,G28W1,19-24 months,22/28 months
DO_1D_3170_148w,DO-1D-3170,1D,117,148,148,34,6476,G28W1,>=31 months,34+months
DO_40_2115_200w,DO-40-2115,40,82,200,200,46,5882,G26W2,>=31 months,34+months
DO_40_2115_120w,DO-40-2115,40,80,120,121,28,5882,G26W2,25-30 months,22/28 months
DO_40_2115_044w,DO-40-2115,40,77,44,44,10,5882,G26W2,6-12 months,8/10/16 months
DO_40_2115_175w,DO-40-2115,40,82,175,174,40,5882,G26W2,>=31 months,34+months
DO_40_2115_069w,DO-40-2115,40,78,69,69,16,5882,G26W2,13-18 months,8/10/16 months
DO_40_2115_021w,DO-40-2115,40,75,21,21,5,5882,G26W2,<=5 months,5 months
DO_40_2082_022w,DO-40-2082,40,57,22,21,5,5085,G24W2,<=5 months,5 months
DO_AL_0006_038w,DO-AL-0006,AL,3,38,35,8,3297,G22W1,6-12 months,8/10/16 months
DO_AL_0006_097w,DO-AL-0006,AL,6,97,96,22,3297,G22W1,19-24 months,22/28 months
DO_AL_0006_069w,DO-AL-0006,AL,4,69,69,16,3297,G22W1,13-18 months,8/10/16 months
DO_AL_0035_023w,DO-AL-0035,AL,17,23,21,5,4104,G23W1,<=5 months,5 months
DO_AL_0035_069w,DO-AL-0035,AL,24,69,69,16,4104,G23W1,13-18 months,8/10/16 months
DO_20_1028_121w,DO-20-1028,20,15,121,121,28,3392,G22W2,25-30 months,22/28 months
DO_20_1028_069w,DO-20-1028,20,12,69,69,16,3392,G22W2,13-18 months,8/10/16 months
DO_20_1028_097w,DO-20-1028,20,14,97,96,22,3392,G22W2,19-24 months,22/28 months
DO_20_1186_174w,DO-20-1186,20,128,174,174,40,6534,G28W2,>=31 months,34+months
DO_20_1186_148w,DO-20-1186,20,128,148,148,34,6534,G28W2,>=31 months,34+months
DO_20_1186_122w,DO-20-1186,20,127,122,121,28,6534,G28W2,25-30 months,22/28 months
DO_20_1186_096w,DO-20-1186,20,126,96,96,22,6534,G28W2,19-24 months,22/28 months
DO_20_1161_021w,DO-20-1161,20,108,21,21,5,6471,G28W1,<=5 months,5 months
DO_20_1161_044w,DO-20-1161,20,111,44,44,10,6471,G28W1,6-12 months,8/10/16 months
DO_20_1161_097w,DO-20-1161,20,115,97,96,22,6471,G28W1,19-24 months,22/28 months
DO_AL_0119_148w,DO-AL-0119,AL,82,148,148,34,5878,G26W2,>=31 months,34+months
DO_AL_0119_069w,DO-AL-0119,AL,78,69,69,16,5878,G26W2,13-18 months,8/10/16 months
DO_AL_0119_096w,DO-AL-0119,AL,78,96,96,22,5878,G26W2,19-24 months,22/28 months
DO_AL_0119_044w,DO-AL-0119,AL,77,44,44,10,5878,G26W2,6-12 months,8/10/16 months
DO_AL_0119_120w,DO-AL-0119,AL,80,120,121,28,5878,G26W2,25-30 months,22/28 months
DO_AL_0163_021w,DO-AL-0163,AL,107,21,21,5,6469,G28W1,<=5 months,5 months
DO_AL_0163_044w,DO-AL-0163,AL,110,44,44,10,6469,G28W1,6-12 months,8/10/16 months
DO_1D_3030_069w,DO-1D-3030,1D,13,69,69,16,3396,G22W2,13-18 months,8/10/16 months
DO_1D_3030_097w,DO-1D-3030,1D,14,97,96,22,3396,G22W2,19-24 months,22/28 months
DO_1D_3030_035w,DO-1D-3030,1D,10,35,35,8,3396,G22W2,6-12 months,8/10/16 months
DO_1D_3030_043w,DO-1D-3030,1D,11,43,44,10,3396,G22W2,6-12 months,8/10/16 months
DO_20_1101_069w,DO-20-1101,20,72,69,69,16,5836,G26W1,13-18 months,8/10/16 months
DO_20_1101_148w,DO-20-1101,20,74,148,148,34,5836,G26W1,>=31 months,34+months
DO_20_1101_096w,DO-20-1101,20,74,96,96,22,5836,G26W1,19-24 months,22/28 months
DO_20_1101_173w,DO-20-1101,20,75,173,174,40,5836,G26W1,>=31 months,34+months
DO_20_1101_021w,DO-20-1101,20,68,21,21,5,5836,G26W1,<=5 months,5 months
DO_20_1101_121w,DO-20-1101,20,81,121,121,28,5836,G26W1,25-30 months,22/28 months
DO_20_1166_021w,DO-20-1166,20,108,21,21,5,6471,G28W1,<=5 months,5 months
DO_20_1166_097w,DO-20-1166,20,115,97,96,22,6471,G28W1,19-24 months,22/28 months
DO_20_1166_044w,DO-20-1166,20,111,44,44,10,6471,G28W1,6-12 months,8/10/16 months
DO_1D_3125_021w,DO-1D-3125,1D,76,21,21,5,5885,G26W2,<=5 months,5 months
DO_1D_3125_044w,DO-1D-3125,1D,77,44,44,10,5885,G26W2,6-12 months,8/10/16 months
DO_20_1100_096w,DO-20-1100,20,74,96,96,22,5836,G26W1,19-24 months,22/28 months
DO_20_1100_069w,DO-20-1100,20,72,69,69,16,5836,G26W1,13-18 months,8/10/16 months
DO_20_1100_121w,DO-20-1100,20,81,121,121,28,5836,G26W1,25-30 months,22/28 months
DO_20_1100_148w,DO-20-1100,20,74,148,148,34,5836,G26W1,>=31 months,34+months
DO_20_1100_044w,DO-20-1100,20,70,44,44,10,5836,G26W1,6-12 months,8/10/16 months
DO_20_1100_020w,DO-20-1100,20,68,20,21,5,5836,G26W1,<=5 months,5 months
DO_20_1008_044w,DO-20-1008,20,1,44,44,10,3299,G22W1,6-12 months,8/10/16 months
DO_20_1008_038w,DO-20-1008,20,3,38,35,8,3299,G22W1,6-12 months,8/10/16 months
DO_20_1008_069w,DO-20-1008,20,4,69,69,16,3299,G22W1,13-18 months,8/10/16 months
DO_20_1008_121w,DO-20-1008,20,6,121,121,28,3299,G22W1,25-30 months,22/28 months
DO_40_2014_097w,DO-40-2014,40,6,97,96,22,3303,G22W1,19-24 months,22/28 months
DO_40_2014_038w,DO-40-2014,40,3,38,35,8,3303,G22W1,6-12 months,8/10/16 months
DO_40_2014_069w,DO-40-2014,40,5,69,69,16,3303,G22W1,13-18 months,8/10/16 months
DO_1D_3062_020w,DO-1D-3062,1D,34,20,21,5,4341,G23W2,<=5 months,5 months
DO_1D_3062_096w,DO-1D-3062,1D,43,96,96,22,4341,G23W2,19-24 months,22/28 months
DO_1D_3062_148w,DO-1D-3062,1D,45,148,148,34,4341,G23W2,>=31 months,34+months
DO_40_2171_021w,DO-40-2171,40,109,21,21,5,6474,G28W1,<=5 months,5 months
DO_40_2171_069w,DO-40-2171,40,114,69,69,16,6474,G28W1,13-18 months,8/10/16 months
DO_20_1026_069w,DO-20-1026,20,12,69,69,16,3392,G22W2,13-18 months,8/10/16 months
DO_20_1026_043w,DO-20-1026,20,10,43,44,10,3392,G22W2,6-12 months,8/10/16 months
DO_40_2025_043w,DO-40-2025,40,11,43,44,10,3394,G22W2,6-12 months,8/10/16 months
DO_40_2025_035w,DO-40-2025,40,9,35,35,8,3394,G22W2,6-12 months,8/10/16 months
DO_40_2025_069w,DO-40-2025,40,12,69,69,16,3394,G22W2,13-18 months,8/10/16 months
DO_40_2025_121w,DO-40-2025,40,15,121,121,28,3394,G22W2,25-30 months,22/28 months
DO_40_2025_148w,DO-40-2025,40,16,148,148,34,3394,G22W2,>=31 months,34+months
DO_1D_3120_120w,DO-1D-3120,1D,80,120,121,28,5884,G26W2,25-30 months,22/28 months
DO_1D_3120_069w,DO-1D-3120,1D,78,69,69,16,5884,G26W2,13-18 months,8/10/16 months
DO_1D_3120_021w,DO-1D-3120,1D,76,21,21,5,5884,G26W2,<=5 months,5 months
DO_1D_3120_096w,DO-1D-3120,1D,79,96,96,22,5884,G26W2,19-24 months,22/28 months
DO_1D_3120_044w,DO-1D-3120,1D,77,44,44,10,5884,G26W2,6-12 months,8/10/16 months
DO_40_2064_069w,DO-40-2064,40,39,69,69,16,4339,G23W2,13-18 months,8/10/16 months
DO_1D_3129_044w,DO-1D-3129,1D,87,44,44,10,6188,G27W1,6-12 months,8/10/16 months
DO_1D_3129_069w,DO-1D-3129,1D,90,69,69,16,6188,G27W1,13-18 months,8/10/16 months
DO_1D_3129_096w,DO-1D-3129,1D,92,96,96,22,6188,G27W1,19-24 months,22/28 months
DO_40_2011_069w,DO-40-2011,40,5,69,69,16,3303,G22W1,13-18 months,8/10/16 months
DO_40_2011_044w,DO-40-2011,40,2,44,44,10,3303,G22W1,6-12 months,8/10/16 months
DO_40_2011_097w,DO-40-2011,40,6,97,96,22,3303,G22W1,19-24 months,22/28 months
DO_40_2011_148w,DO-40-2011,40,7,148,148,34,3303,G22W1,>=31 months,34+months
DO_40_2011_121w,DO-40-2011,40,6,121,121,28,3303,G22W1,25-30 months,22/28 months
DO_40_2011_038w,DO-40-2011,40,3,38,35,8,3303,G22W1,6-12 months,8/10/16 months
DO_1D_3020_043w,DO-1D-3020,1D,11,43,44,10,3395,G22W2,6-12 months,8/10/16 months
DO_1D_3020_035w,DO-1D-3020,1D,9,35,35,8,3395,G22W2,6-12 months,8/10/16 months
DO_1D_3020_069w,DO-1D-3020,1D,13,69,69,16,3395,G22W2,13-18 months,8/10/16 months
DO_20_1145_021w,DO-20-1145,20,96,21,21,5,6303,G27W2,<=5 months,5 months
DO_20_1145_069w,DO-20-1145,20,100,69,69,16,6303,G27W2,13-18 months,8/10/16 months
DO_20_1145_044w,DO-20-1145,20,98,44,44,10,6303,G27W2,6-12 months,8/10/16 months
DO_20_1015_069w,DO-20-1015,20,5,69,69,16,3300,G22W1,13-18 months,8/10/16 months
DO_20_1015_038w,DO-20-1015,20,3,38,35,8,3300,G22W1,6-12 months,8/10/16 months
DO_20_1015_097w,DO-20-1015,20,6,97,96,22,3300,G22W1,19-24 months,22/28 months
DO_20_1015_044w,DO-20-1015,20,1,44,44,10,3300,G22W1,6-12 months,8/10/16 months
DO_20_1015_121w,DO-20-1015,20,6,121,121,28,3300,G22W1,25-30 months,22/28 months
DO_20_1060_148w,DO-20-1060,20,45,148,148,34,4337,G23W2,>=31 months,34+months
DO_20_1060_096w,DO-20-1060,20,41,96,96,22,4337,G23W2,19-24 months,22/28 months
DO_20_1060_020w,DO-20-1060,20,33,20,21,5,4337,G23W2,<=5 months,5 months
DO_20_1060_069w,DO-20-1060,20,39,69,69,16,4337,G23W2,13-18 months,8/10/16 months
DO_20_1039_069w,DO-20-1039,20,25,69,69,16,4106,G23W1,13-18 months,8/10/16 months
DO_20_1039_044w,DO-20-1039,20,22,44,44,10,4106,G23W1,6-12 months,8/10/16 months
DO_20_1039_096w,DO-20-1039,20,27,96,96,22,4106,G23W1,19-24 months,22/28 months
DO_20_1039_023w,DO-20-1039,20,17,23,21,5,4106,G23W1,<=5 months,5 months
DO_20_1039_148w,DO-20-1039,20,31,148,148,34,4106,G23W1,>=31 months,34+months
DO_20_1039_121w,DO-20-1039,20,29,121,121,28,4106,G23W1,25-30 months,22/28 months
DO_40_2080_021w,DO-40-2080,40,47,21,21,5,4975,G24W1,<=5 months,5 months
DO_40_2035_121w,DO-40-2035,40,29,121,121,28,4108,G23W1,25-30 months,22/28 months
DO_40_2035_096w,DO-40-2035,40,27,96,96,22,4108,G23W1,19-24 months,22/28 months
DO_40_2035_023w,DO-40-2035,40,18,23,21,5,4108,G23W1,<=5 months,5 months
DO_40_2022_043w,DO-40-2022,40,11,43,44,10,3393,G22W2,6-12 months,8/10/16 months
DO_40_2022_069w,DO-40-2022,40,12,69,69,16,3393,G22W2,13-18 months,8/10/16 months
DO_40_2022_121w,DO-40-2022,40,15,121,121,28,3393,G22W2,25-30 months,22/28 months
DO_40_2022_035w,DO-40-2022,40,9,35,35,8,3393,G22W2,6-12 months,8/10/16 months
DO_40_2022_097w,DO-40-2022,40,14,97,96,22,3393,G22W2,19-24 months,22/28 months
DO_20_1141_069w,DO-20-1141,20,89,69,69,16,6185,G27W1,13-18 months,8/10/16 months
DO_20_1141_044w,DO-20-1141,20,86,44,44,10,6185,G27W1,6-12 months,8/10/16 months
DO_20_1141_021w,DO-20-1141,20,84,21,21,5,6185,G27W1,<=5 months,5 months
DO_20_1141_096w,DO-20-1141,20,92,96,96,22,6185,G27W1,19-24 months,22/28 months
DO_2D_4144_021w,DO-2D-4144,2D,85,21,21,5,6191,G27W1,<=5 months,5 months
DO_2D_4144_096w,DO-2D-4144,2D,93,96,96,22,6191,G27W1,19-24 months,22/28 months
DO_2D_4144_069w,DO-2D-4144,2D,91,69,69,16,6191,G27W1,13-18 months,8/10/16 months
DO_2D_4144_121w,DO-2D-4144,2D,95,121,121,28,6191,G27W1,25-30 months,22/28 months
DO_1D_3183_069w,DO-1D-3183,1D,124,69,69,16,6537,G28W2,13-18 months,8/10/16 months
DO_1D_3183_044w,DO-1D-3183,1D,121,44,44,10,6537,G28W2,6-12 months,8/10/16 months
DO_1D_3183_021w,DO-1D-3183,1D,120,21,21,5,6537,G28W2,<=5 months,5 months
DO_20_1021_069w,DO-20-1021,20,12,69,69,16,3391,G22W2,13-18 months,8/10/16 months
DO_20_1021_097w,DO-20-1021,20,13,97,96,22,3391,G22W2,19-24 months,22/28 months
DO_20_1021_043w,DO-20-1021,20,10,43,44,10,3391,G22W2,6-12 months,8/10/16 months
DO_40_2136_021w,DO-40-2136,40,84,21,21,5,6186,G27W1,<=5 months,5 months
DO_40_2136_044w,DO-40-2136,40,87,44,44,10,6186,G27W1,6-12 months,8/10/16 months
DO_40_2136_069w,DO-40-2136,40,90,69,69,16,6186,G27W1,13-18 months,8/10/16 months
DO_AL_0030_069w,DO-AL-0030,AL,12,69,69,16,3390,G22W2,13-18 months,8/10/16 months
DO_AL_0030_097w,DO-AL-0030,AL,13,97,96,22,3390,G22W2,19-24 months,22/28 months
DO_AL_0030_035w,DO-AL-0030,AL,9,35,35,8,3390,G22W2,6-12 months,8/10/16 months
DO_AL_0030_043w,DO-AL-0030,AL,10,43,44,10,3390,G22W2,6-12 months,8/10/16 months
DO_AL_0030_121w,DO-AL-0030,AL,15,121,121,28,3390,G22W2,25-30 months,22/28 months
DO_2D_4105_044w,DO-2D-4105,2D,72,44,44,10,5845,G26W1,6-12 months,8/10/16 months
DO_2D_4105_069w,DO-2D-4105,2D,73,69,69,16,5845,G26W1,13-18 months,8/10/16 months
DO_2D_4105_096w,DO-2D-4105,2D,74,96,96,22,5845,G26W1,19-24 months,22/28 months
DO_2D_4105_020w,DO-2D-4105,2D,69,20,21,5,5845,G26W1,<=5 months,5 months
DO_40_2110_020w,DO-40-2110,40,69,20,21,5,5841,G26W1,<=5 months,5 months
DO_1D_3058_096w,DO-1D-3058,1D,43,96,96,22,4341,G23W2,19-24 months,22/28 months
DO_1D_3058_121w,DO-1D-3058,1D,45,121,121,28,4341,G23W2,25-30 months,22/28 months
DO_1D_3058_020w,DO-1D-3058,1D,34,20,21,5,4341,G23W2,<=5 months,5 months
DO_20_1045_121w,DO-20-1045,20,29,121,121,28,4107,G23W1,25-30 months,22/28 months
DO_20_1045_148w,DO-20-1045,20,31,148,148,34,4107,G23W1,>=31 months,34+months
DO_20_1045_174w,DO-20-1045,20,32,174,174,40,4107,G23W1,>=31 months,34+months
DO_20_1045_044w,DO-20-1045,20,22,44,44,10,4107,G23W1,6-12 months,8/10/16 months
DO_20_1045_096w,DO-20-1045,20,27,96,96,22,4107,G23W1,19-24 months,22/28 months
DO_20_1045_023w,DO-20-1045,20,18,23,21,5,4107,G23W1,<=5 months,5 months
DO_1D_3162_021w,DO-1D-3162,1D,109,21,21,5,6475,G28W1,<=5 months,5 months
DO_1D_3162_044w,DO-1D-3162,1D,112,44,44,10,6475,G28W1,6-12 months,8/10/16 months
DO_20_1118_021w,DO-20-1118,20,75,21,21,5,5880,G26W2,<=5 months,5 months
DO_20_1064_121w,DO-20-1064,20,44,121,121,28,4337,G23W2,25-30 months,22/28 months
DO_20_1064_173w,DO-20-1064,20,46,173,174,40,4337,G23W2,>=31 months,34+months
DO_20_1064_044w,DO-20-1064,20,37,44,44,10,4337,G23W2,6-12 months,8/10/16 months
DO_20_1064_020w,DO-20-1064,20,33,20,21,5,4337,G23W2,<=5 months,5 months
DO_40_2018_043w,DO-40-2018,40,11,43,44,10,3393,G22W2,6-12 months,8/10/16 months
DO_40_2018_035w,DO-40-2018,40,9,35,35,8,3393,G22W2,6-12 months,8/10/16 months
DO_40_2018_097w,DO-40-2018,40,14,97,96,22,3393,G22W2,19-24 months,22/28 months
DO_40_2018_069w,DO-40-2018,40,12,69,69,16,3393,G22W2,13-18 months,8/10/16 months
DO_40_2018_121w,DO-40-2018,40,15,121,121,28,3393,G22W2,25-30 months,22/28 months
DO_2D_4191_096w,DO-2D-4191,2D,127,96,96,22,6540,G28W2,19-24 months,22/28 months
DO_2D_4191_069w,DO-2D-4191,2D,125,69,69,16,6540,G28W2,13-18 months,8/10/16 months
DO_2D_4056_020w,DO-2D-4056,2D,35,20,21,5,4334,G23W2,<=5 months,5 months
DO_1D_3022_035w,DO-1D-3022,1D,9,35,35,8,3395,G22W2,6-12 months,8/10/16 months
DO_1D_3022_121w,DO-1D-3022,1D,15,121,121,28,3395,G22W2,25-30 months,22/28 months
DO_1D_3022_148w,DO-1D-3022,1D,16,148,148,34,3395,G22W2,>=31 months,34+months
DO_1D_3022_069w,DO-1D-3022,1D,13,69,69,16,3395,G22W2,13-18 months,8/10/16 months
DO_1D_3022_097w,DO-1D-3022,1D,14,97,96,22,3395,G22W2,19-24 months,22/28 months
DO_AL_0094_096w,DO-AL-0094,AL,66,96,96,22,5077,G24W2,19-24 months,22/28 months
DO_AL_0094_069w,DO-AL-0094,AL,62,69,69,16,5077,G24W2,13-18 months,8/10/16 months
DO_AL_0094_044w,DO-AL-0094,AL,60,44,44,10,5077,G24W2,6-12 months,8/10/16 months
DO_40_2108_121w,DO-40-2108,40,81,121,121,28,5841,G26W1,25-30 months,22/28 months
DO_40_2108_148w,DO-40-2108,40,74,148,148,34,5841,G26W1,>=31 months,34+months
DO_40_2108_069w,DO-40-2108,40,72,69,69,16,5841,G26W1,13-18 months,8/10/16 months
DO_40_2108_020w,DO-40-2108,40,69,20,21,5,5841,G26W1,<=5 months,5 months
DO_AL_0063_069w,DO-AL-0063,AL,38,69,69,16,4333,G23W2,13-18 months,8/10/16 months
DO_AL_0063_096w,DO-AL-0063,AL,41,96,96,22,4333,G23W2,19-24 months,22/28 months
DO_AL_0063_020w,DO-AL-0063,AL,33,20,21,5,4333,G23W2,<=5 months,5 months
DO_AL_0044_044w,DO-AL-0044,AL,22,44,44,10,4105,G23W1,6-12 months,8/10/16 months
DO_AL_0044_023w,DO-AL-0044,AL,17,23,21,5,4105,G23W1,<=5 months,5 months
DO_2D_4136_121w,DO-2D-4136,2D,95,121,121,28,6190,G27W1,25-30 months,22/28 months
DO_2D_4136_044w,DO-2D-4136,2D,88,44,44,10,6190,G27W1,6-12 months,8/10/16 months
DO_2D_4136_021w,DO-2D-4136,2D,85,21,21,5,6190,G27W1,<=5 months,5 months
DO_2D_4136_096w,DO-2D-4136,2D,93,96,96,22,6190,G27W1,19-24 months,22/28 months
DO_2D_4136_069w,DO-2D-4136,2D,91,69,69,16,6190,G27W1,13-18 months,8/10/16 months
DO_2D_4028_148w,DO-2D-4028,2D,16,148,148,34,3398,G22W2,>=31 months,34+months
DO_2D_4028_121w,DO-2D-4028,2D,15,121,121,28,3398,G22W2,25-30 months,22/28 months
DO_2D_4028_069w,DO-2D-4028,2D,13,69,69,16,3398,G22W2,13-18 months,8/10/16 months
DO_2D_4028_035w,DO-2D-4028,2D,10,35,35,8,3398,G22W2,6-12 months,8/10/16 months
DO_2D_4028_174w,DO-2D-4028,2D,16,174,174,40,3398,G22W2,>=31 months,34+months
DO_2D_4028_043w,DO-2D-4028,2D,11,43,44,10,3398,G22W2,6-12 months,8/10/16 months
DO_2D_4028_097w,DO-2D-4028,2D,14,97,96,22,3398,G22W2,19-24 months,22/28 months
DO_1D_3053_069w,DO-1D-3053,1D,39,69,69,16,4340,G23W2,13-18 months,8/10/16 months
DO_1D_3053_020w,DO-1D-3053,1D,34,20,21,5,4340,G23W2,<=5 months,5 months
DO_1D_3053_096w,DO-1D-3053,1D,42,96,96,22,4340,G23W2,19-24 months,22/28 months
DO_40_2181_122w,DO-40-2181,40,127,122,121,28,6535,G28W2,25-30 months,22/28 months
DO_40_2181_174w,DO-40-2181,40,128,174,174,40,6535,G28W2,>=31 months,34+months
DO_40_2181_021w,DO-40-2181,40,119,21,21,5,6535,G28W2,<=5 months,5 months
DO_40_2181_069w,DO-40-2181,40,123,69,69,16,6535,G28W2,13-18 months,8/10/16 months
DO_40_2181_096w,DO-40-2181,40,126,96,96,22,6535,G28W2,19-24 months,22/28 months
DO_2D_4161_069w,DO-2D-4161,2D,114,69,69,16,6477,G28W1,13-18 months,8/10/16 months
DO_2D_4161_021w,DO-2D-4161,2D,110,21,21,5,6477,G28W1,<=5 months,5 months
DO_1D_3110_069w,DO-1D-3110,1D,73,69,69,16,5843,G26W1,13-18 months,8/10/16 months
DO_1D_3110_044w,DO-1D-3110,1D,71,44,44,10,5843,G26W1,6-12 months,8/10/16 months
DO_1D_3110_148w,DO-1D-3110,1D,74,148,148,34,5843,G26W1,>=31 months,34+months
DO_1D_3110_121w,DO-1D-3110,1D,81,121,121,28,5843,G26W1,25-30 months,22/28 months
DO_2D_4004_097w,DO-2D-4004,2D,6,97,96,22,3312,G22W1,19-24 months,22/28 months
DO_2D_4004_044w,DO-2D-4004,2D,2,44,44,10,3312,G22W1,6-12 months,8/10/16 months
DO_2D_4004_121w,DO-2D-4004,2D,6,121,121,28,3312,G22W1,25-30 months,22/28 months
DO_1D_3139_069w,DO-1D-3139,1D,91,69,69,16,6189,G27W1,13-18 months,8/10/16 months
DO_1D_3139_096w,DO-1D-3139,1D,93,96,96,22,6189,G27W1,19-24 months,22/28 months
DO_1D_3139_148w,DO-1D-3139,1D,99,148,148,34,6189,G27W1,>=31 months,34+months
DO_1D_3139_044w,DO-1D-3139,1D,87,44,44,10,6189,G27W1,6-12 months,8/10/16 months
DO_1D_3139_021w,DO-1D-3139,1D,85,21,21,5,6189,G27W1,<=5 months,5 months
